ID,Time,Target,Insulin_units,Weekend,Steps,Age,Sex,BMI
P001,2024-02-12,133.7,32,0,4240,56,M,24.9
P001,2024-02-13,139.0,32,0,4440,56,M,24.9
P001,2024-02-14,131.0,32,0,6390,56,M,24.9
P001,2024-02-15,133.1,32,0,4630,56,M,24.9
P001,2024-02-16,130.2,32,0,6680,56,M,24.9
P001,2024-02-17,154.6,32,1,5150,56,M,24.9
P001,2024-02-18,166.0,32,1,8190,56,M,24.9
P001,2024-02-19,151.0,32,0,3530,56,M,24.9
P001,2024-02-20,150.8,32,0,7640,56,M,24.9
P001,2024-02-21,144.6,32,0,5880,56,M,24.9
P001,2024-02-22,143.8,32,0,6010,56,M,24.9
P001,2024-02-23,138.6,32,0,3430,56,M,24.9
P001,2024-02-24,154.7,32,1,3710,56,M,24.9
P001,2024-02-25,144.2,32,1,5880,56,M,24.9
P001,2024-02-26,118.3,32,0,5890,56,M,24.9
P001,2024-02-27,131.3,32,0,6190,56,M,24.9
P001,2024-02-28,132.3,30,0,5520,56,M,24.9
P001,2024-02-29,136.2,30,0,8120,56,M,24.9
P001,2024-03-01,134.1,34,0,6000,56,M,24.9
P001,2024-03-02,134.8,34,1,580,56,M,24.9
P001,2024-03-03,142.5,34,1,3290,56,M,24.9
P001,2024-03-04,128.8,34,0,2500,56,M,24.9
P001,2024-03-05,135.6,34,0,500,56,M,24.9
P001,2024-03-06,136.7,34,0,5090,56,M,24.9
P001,2024-03-07,137.3,34,0,8440,56,M,24.9
P001,2024-03-08,130.2,34,0,6120,56,M,24.9
P001,2024-03-09,137.5,34,1,2430,56,M,24.9
P001,2024-03-10,140.8,34,1,2850,56,M,24.9
P001,2024-03-11,137.8,34,0,8080,56,M,24.9
P001,2024-03-12,132.2,34,0,6320,56,M,24.9
P001,2024-03-13,120.2,34,0,6130,56,M,24.9
P001,2024-03-14,137.6,34,0,5940,56,M,24.9
P001,2024-03-15,142.6,34,0,6110,56,M,24.9
P001,2024-03-16,165.3,34,1,5990,56,M,24.9
P001,2024-03-17,153.0,38,1,5530,56,M,24.9
P001,2024-03-18,135.8,38,0,6430,56,M,24.9
P001,2024-03-19,125.0,38,0,4160,56,M,24.9
P001,2024-03-20,153.4,38,0,6960,56,M,24.9
P001,2024-03-21,140.3,38,0,4810,56,M,24.9
P001,2024-03-22,154.0,38,0,8010,56,M,24.9
P001,2024-03-23,149.0,38,1,2250,56,M,24.9
P001,2024-03-24,159.2,38,1,4290,56,M,24.9
P001,2024-03-25,125.2,38,0,6030,56,M,24.9
P001,2024-03-26,122.0,38,0,3660,56,M,24.9
P001,2024-03-27,137.4,38,0,9140,56,M,24.9
P001,2024-03-28,114.5,38,0,8670,56,M,24.9
P001,2024-03-29,126.5,38,0,5210,56,M,24.9
P001,2024-03-30,147.8,38,1,5930,56,M,24.9
P001,2024-03-31,135.2,38,1,5220,56,M,24.9
P001,2024-04-01,120.0,38,0,1340,56,M,24.9
P001,2024-04-02,126.4,38,0,6490,56,M,24.9
P001,2024-04-03,118.5,38,0,5930,56,M,24.9
P001,2024-04-04,117.2,38,0,6190,56,M,24.9
P001,2024-04-05,113.1,38,0,4100,56,M,24.9
P001,2024-04-06,133.5,38,1,4060,56,M,24.9
P001,2024-04-07,129.4,38,1,4220,56,M,24.9
P001,2024-04-08,110.8,38,0,8180,56,M,24.9
P001,2024-04-09,110.7,38,0,6640,56,M,24.9
P001,2024-04-10,126.4,38,0,6030,56,M,24.9
P001,2024-04-11,116.3,38,0,8790,56,M,24.9
P001,2024-04-12,116.7,38,0,5040,56,M,24.9
P001,2024-04-13,136.9,38,1,3840,56,M,24.9
P001,2024-04-14,136.3,38,1,1270,56,M,24.9
P001,2024-04-15,140.6,38,0,8860,56,M,24.9
P001,2024-04-16,122.6,38,0,7780,56,M,24.9
P001,2024-04-17,139.3,38,0,7690,56,M,24.9
P001,2024-04-18,130.1,38,0,7240,56,M,24.9
P001,2024-04-19,134.6,38,0,6240,56,M,24.9
P001,2024-04-20,147.7,38,1,4930,56,M,24.9
P001,2024-04-21,144.2,38,1,4090,56,M,24.9
P001,2024-04-22,138.6,38,0,5670,56,M,24.9
P001,2024-04-23,133.2,38,0,6140,56,M,24.9
P001,2024-04-24,136.6,38,0,8760,56,M,24.9
P001,2024-04-25,128.3,38,0,7040,56,M,24.9
P001,2024-04-26,121.1,38,0,5930,56,M,24.9
P001,2024-04-27,138.4,38,1,3500,56,M,24.9
P001,2024-04-28,144.8,38,1,3400,56,M,24.9
P001,2024-04-29,138.7,38,0,8920,56,M,24.9
P001,2024-04-30,117.1,38,0,6950,56,M,24.9
P001,2024-05-01,121.4,38,0,6160,56,M,24.9
P001,2024-05-02,109.6,38,0,5420,56,M,24.9
P001,2024-05-03,122.0,38,0,4040,56,M,24.9
P001,2024-05-04,131.4,38,1,4420,56,M,24.9
P001,2024-05-05,120.6,38,1,6110,56,M,24.9
P001,2024-05-06,111.4,38,0,5330,56,M,24.9
P001,2024-05-07,127.5,38,0,5630,56,M,24.9
P001,2024-05-08,114.9,38,0,5640,56,M,24.9
P001,2024-05-09,111.6,38,0,6240,56,M,24.9
P001,2024-05-10,111.6,38,0,3170,56,M,24.9
P001,2024-05-11,129.9,38,1,4120,56,M,24.9
P001,2024-05-12,139.3,38,1,3000,56,M,24.9
P001,2024-05-13,125.3,38,0,7630,56,M,24.9
P001,2024-05-14,115.8,38,0,4650,56,M,24.9
P001,2024-05-15,132.3,38,0,7080,56,M,24.9
P001,2024-05-16,123.3,38,0,8780,56,M,24.9
P001,2024-05-17,127.1,38,0,5480,56,M,24.9
P001,2024-05-18,140.8,38,1,3460,56,M,24.9
P001,2024-05-19,138.8,38,1,4880,56,M,24.9
P001,2024-05-20,113.2,38,0,6040,56,M,24.9
P001,2024-05-21,134.9,38,0,4250,56,M,24.9
P001,2024-05-22,135.2,38,0,6870,56,M,24.9
P001,2024-05-23,132.2,38,0,9670,56,M,24.9
P001,2024-05-24,125.3,38,0,5580,56,M,24.9
P001,2024-05-25,147.8,38,1,4170,56,M,24.9
P001,2024-05-26,149.4,38,1,2660,56,M,24.9
P001,2024-05-27,152.2,38,0,6610,56,M,24.9
P001,2024-05-28,128.5,38,0,3800,56,M,24.9
P001,2024-05-29,120.2,38,0,4050,56,M,24.9
P001,2024-05-30,115.4,38,0,8340,56,M,24.9
P001,2024-05-31,101.4,38,0,4410,56,M,24.9
P001,2024-06-01,136.5,38,1,6490,56,M,24.9
P001,2024-06-02,140.8,38,1,7280,56,M,24.9
P001,2024-06-03,116.1,38,0,6510,56,M,24.9
P001,2024-06-04,108.9,38,0,7040,56,M,24.9
P001,2024-06-05,111.0,38,0,9550,56,M,24.9
P001,2024-06-06,122.2,38,0,5690,56,M,24.9
P001,2024-06-07,104.1,40,0,4970,56,M,24.9
P001,2024-06-08,132.6,40,1,2100,56,M,24.9
P001,2024-06-09,133.8,40,1,4620,56,M,24.9
P001,2024-06-10,129.4,40,0,8700,56,M,24.9
P001,2024-06-11,113.5,40,0,7770,56,M,24.9
P001,2024-06-12,117.5,40,0,4340,56,M,24.9
P001,2024-06-13,116.2,40,0,4500,56,M,24.9
P001,2024-06-14,115.5,40,0,5130,56,M,24.9
P001,2024-06-15,147.2,40,1,5070,56,M,24.9
P001,2024-06-16,154.3,40,1,4170,56,M,24.9
P001,2024-06-17,136.6,40,0,6430,56,M,24.9
P001,2024-06-18,125.0,40,0,6570,56,M,24.9
P001,2024-06-19,112.1,40,0,5500,56,M,24.9
P001,2024-06-20,118.5,40,0,5970,56,M,24.9
P001,2024-06-21,122.7,40,0,6410,56,M,24.9
P001,2024-06-22,138.1,40,1,4390,56,M,24.9
P001,2024-06-23,143.1,40,1,5450,56,M,24.9
P001,2024-06-24,118.8,40,0,9410,56,M,24.9
P001,2024-06-25,114.0,40,0,7110,56,M,24.9
P001,2024-06-26,120.3,40,0,6140,56,M,24.9
P001,2024-06-27,133.4,40,0,3000,56,M,24.9
P002,2024-01-07,152.7,40,1,6600,55,M,26.9
P002,2024-01-08,149.1,40,0,9660,55,M,26.9
P002,2024-01-09,136.1,40,0,6140,55,M,26.9
P002,2024-01-10,150.6,40,0,2860,55,M,26.9
P002,2024-01-11,149.5,40,0,4490,55,M,26.9
P002,2024-01-12,145.4,40,0,3930,55,M,26.9
P002,2024-01-13,181.2,40,1,3700,55,M,26.9
P002,2024-01-14,180.3,40,1,4740,55,M,26.9
P002,2024-01-15,153.1,40,0,2500,55,M,26.9
P002,2024-01-16,154.0,40,0,6720,55,M,26.9
P002,2024-01-17,146.5,40,0,3380,55,M,26.9
P002,2024-01-18,160.4,40,0,6640,55,M,26.9
P002,2024-01-19,144.2,40,0,5900,55,M,26.9
P002,2024-01-20,143.4,40,1,4040,55,M,26.9
P002,2024-01-21,148.6,40,1,4470,55,M,26.9
P002,2024-01-22,136.6,40,0,5130,55,M,26.9
P002,2024-01-23,137.3,40,0,5000,55,M,26.9
P002,2024-01-24,148.0,40,0,3070,55,M,26.9
P002,2024-01-25,149.9,40,0,6050,55,M,26.9
P002,2024-01-26,146.5,40,0,9420,55,M,26.9
P002,2024-01-27,139.8,40,1,8160,55,M,26.9
P002,2024-01-28,149.6,40,1,6980,55,M,26.9
P002,2024-01-29,152.2,40,0,7370,55,M,26.9
P002,2024-01-30,149.6,40,0,4880,55,M,26.9
P002,2024-01-31,149.5,40,0,8700,55,M,26.9
P002,2024-02-01,138.3,40,0,6000,55,M,26.9
P002,2024-02-02,155.0,40,0,5980,55,M,26.9
P002,2024-02-03,154.5,40,1,4080,55,M,26.9
P002,2024-02-04,156.5,40,1,4770,55,M,26.9
P002,2024-02-05,145.1,40,0,5320,55,M,26.9
P002,2024-02-06,149.1,40,0,5950,55,M,26.9
P002,2024-02-07,141.9,40,0,4150,55,M,26.9
P002,2024-02-08,148.2,40,0,5430,55,M,26.9
P002,2024-02-09,142.9,40,0,10210,55,M,26.9
P002,2024-02-10,149.2,40,1,4470,55,M,26.9
P002,2024-02-11,159.8,40,1,4170,55,M,26.9
P002,2024-02-12,137.9,40,0,7060,55,M,26.9
P002,2024-02-13,136.0,40,0,7370,55,M,26.9
P002,2024-02-14,144.7,40,0,4100,55,M,26.9
P002,2024-02-15,141.9,40,0,5730,55,M,26.9
P002,2024-02-16,138.5,40,0,7750,55,M,26.9
P002,2024-02-17,155.3,40,1,5090,55,M,26.9
P002,2024-02-18,150.5,40,1,4820,55,M,26.9
P002,2024-02-19,140.5,40,0,8900,55,M,26.9
P002,2024-02-20,124.0,40,0,4880,55,M,26.9
P002,2024-02-21,144.2,40,0,6250,55,M,26.9
P002,2024-02-22,157.7,40,0,5160,55,M,26.9
P002,2024-02-23,167.0,40,0,8780,55,M,26.9
P002,2024-02-24,159.7,40,1,1090,55,M,26.9
P002,2024-02-25,174.2,40,1,3390,55,M,26.9
P002,2024-02-26,149.9,40,0,5150,55,M,26.9
P002,2024-02-27,142.7,40,0,7290,55,M,26.9
P002,2024-02-28,147.9,40,0,7190,55,M,26.9
P002,2024-02-29,131.0,40,0,8610,55,M,26.9
P002,2024-03-01,137.0,40,0,3270,55,M,26.9
P002,2024-03-02,158.5,40,1,5950,55,M,26.9
P002,2024-03-03,163.3,40,1,4070,55,M,26.9
P002,2024-03-04,149.8,40,0,4900,55,M,26.9
P002,2024-03-05,139.7,40,0,7070,55,M,26.9
P002,2024-03-06,138.3,40,0,4440,55,M,26.9
P002,2024-03-07,149.5,40,0,2360,55,M,26.9
P002,2024-03-08,152.0,40,0,5430,55,M,26.9
P002,2024-03-09,162.9,40,1,1900,55,M,26.9
P002,2024-03-10,164.0,40,1,3430,55,M,26.9
P002,2024-03-11,130.7,40,0,6770,55,M,26.9
P002,2024-03-12,138.7,40,0,6660,55,M,26.9
P002,2024-03-13,146.2,40,0,8960,55,M,26.9
P002,2024-03-14,141.5,40,0,5740,55,M,26.9
P002,2024-03-15,147.1,40,0,3340,55,M,26.9
P002,2024-03-16,172.9,40,1,3240,55,M,26.9
P002,2024-03-17,165.1,40,1,2950,55,M,26.9
P002,2024-03-18,144.5,40,0,3910,55,M,26.9
P002,2024-03-19,142.0,40,0,6880,55,M,26.9
P002,2024-03-20,146.3,40,0,4940,55,M,26.9
P002,2024-03-21,135.3,40,0,2540,55,M,26.9
P002,2024-03-22,151.3,40,0,7350,55,M,26.9
P002,2024-03-23,147.4,40,1,4400,55,M,26.9
P002,2024-03-24,144.2,40,1,5240,55,M,26.9
P002,2024-03-25,141.7,40,0,6290,55,M,26.9
P002,2024-03-26,136.4,40,0,7240,55,M,26.9
P002,2024-03-27,122.8,40,0,6170,55,M,26.9
P002,2024-03-28,125.4,40,0,8330,55,M,26.9
P002,2024-03-29,131.7,40,0,6860,55,M,26.9
P002,2024-03-30,157.2,40,1,5310,55,M,26.9
P002,2024-03-31,152.8,40,1,5340,55,M,26.9
P002,2024-04-01,141.1,40,0,3480,55,M,26.9
P002,2024-04-02,149.1,40,0,5800,55,M,26.9
P002,2024-04-03,136.6,40,0,5630,55,M,26.9
P002,2024-04-04,140.6,40,0,6470,55,M,26.9
P002,2024-04-05,138.5,40,0,3650,55,M,26.9
P002,2024-04-06,154.3,40,1,7540,55,M,26.9
P002,2024-04-07,145.0,40,1,4790,55,M,26.9
P002,2024-04-08,140.4,40,0,3920,55,M,26.9
P002,2024-04-09,144.5,40,0,3020,55,M,26.9
P002,2024-04-10,143.2,40,0,5590,55,M,26.9
P002,2024-04-11,137.4,40,0,5940,55,M,26.9
P002,2024-04-12,148.7,40,0,4810,55,M,26.9
P002,2024-04-13,165.0,40,1,4770,55,M,26.9
P002,2024-04-14,170.3,40,1,3450,55,M,26.9
P002,2024-04-15,164.4,40,0,7090,55,M,26.9
P002,2024-04-16,155.2,40,0,4800,55,M,26.9
P002,2024-04-17,171.7,40,0,6030,55,M,26.9
P002,2024-04-18,151.2,40,0,7860,55,M,26.9
P002,2024-04-19,149.4,40,0,10730,55,M,26.9
P002,2024-04-20,149.3,40,1,2790,55,M,26.9
P002,2024-04-21,177.1,40,1,3760,55,M,26.9
P002,2024-04-22,166.6,40,0,4590,55,M,26.9
P002,2024-04-23,138.7,40,0,7510,55,M,26.9
P002,2024-04-24,124.6,40,0,4030,55,M,26.9
P002,2024-04-25,139.5,40,0,5230,55,M,26.9
P002,2024-04-26,142.7,40,0,6050,55,M,26.9
P002,2024-04-27,157.9,40,1,2840,55,M,26.9
P002,2024-04-28,159.6,40,1,2880,55,M,26.9
P002,2024-04-29,147.1,40,0,5240,55,M,26.9
P002,2024-04-30,145.1,40,0,2320,55,M,26.9
P002,2024-05-01,147.0,40,0,3500,55,M,26.9
P003,2024-01-13,143.7,39,1,4780,47,M,26.1
P003,2024-01-14,155.3,39,1,5870,47,M,26.1
P003,2024-01-15,145.2,39,0,8460,47,M,26.1
P003,2024-01-16,147.0,39,0,5700,47,M,26.1
P003,2024-01-17,149.4,39,0,5100,47,M,26.1
P003,2024-01-18,141.5,39,0,3630,47,M,26.1
P003,2024-01-19,139.5,39,0,4910,47,M,26.1
P003,2024-01-20,156.3,39,1,6050,47,M,26.1
P003,2024-01-21,157.7,39,1,5160,47,M,26.1
P003,2024-01-22,154.0,39,0,4750,47,M,26.1
P003,2024-01-23,151.8,39,0,5910,47,M,26.1
P003,2024-01-24,152.4,39,0,6640,47,M,26.1
P003,2024-01-25,156.0,39,0,7490,47,M,26.1
P003,2024-01-26,146.1,39,0,5510,47,M,26.1
P003,2024-01-27,145.4,39,1,4630,47,M,26.1
P003,2024-01-28,138.0,39,1,1810,47,M,26.1
P003,2024-01-29,121.7,39,0,4510,47,M,26.1
P003,2024-01-30,135.4,39,0,9490,47,M,26.1
P003,2024-01-31,117.0,39,0,2640,47,M,26.1
P003,2024-02-01,142.1,39,0,5970,47,M,26.1
P003,2024-02-02,137.0,39,0,6970,47,M,26.1
P003,2024-02-03,158.8,39,1,4410,47,M,26.1
P003,2024-02-04,164.2,39,1,3630,47,M,26.1
P003,2024-02-05,143.2,39,0,6470,47,M,26.1
P003,2024-02-06,131.9,39,0,6570,47,M,26.1
P003,2024-02-07,130.8,39,0,6430,47,M,26.1
P003,2024-02-08,131.7,39,0,3200,47,M,26.1
P003,2024-02-09,133.3,39,0,6310,47,M,26.1
P003,2024-02-10,142.5,39,1,3540,47,M,26.1
P003,2024-02-11,158.1,43,1,4090,47,M,26.1
P003,2024-02-12,125.7,43,0,6990,47,M,26.1
P003,2024-02-13,125.6,43,0,7730,47,M,26.1
P003,2024-02-14,118.5,43,0,8190,47,M,26.1
P003,2024-02-15,123.4,43,0,5690,47,M,26.1
P003,2024-02-16,137.3,43,0,8240,47,M,26.1
P003,2024-02-17,144.5,43,1,7190,47,M,26.1
P003,2024-02-18,152.2,43,1,7130,47,M,26.1
P003,2024-02-19,122.8,43,0,9080,47,M,26.1
P003,2024-02-20,131.1,43,0,6320,47,M,26.1
P003,2024-02-21,130.0,43,0,6270,47,M,26.1
P003,2024-02-22,135.6,43,0,8070,47,M,26.1
P003,2024-02-23,131.4,43,0,4120,47,M,26.1
P003,2024-02-24,130.5,43,1,5460,47,M,26.1
P003,2024-02-25,128.2,43,1,4120,47,M,26.1
P003,2024-02-26,124.6,43,0,5920,47,M,26.1
P003,2024-02-27,135.8,43,0,3450,47,M,26.1
P003,2024-02-28,139.0,43,0,4980,47,M,26.1
P003,2024-02-29,134.4,43,0,6540,47,M,26.1
P003,2024-03-01,116.6,43,0,8180,47,M,26.1
P003,2024-03-02,141.1,43,1,6860,47,M,26.1
P003,2024-03-03,154.8,43,1,4940,47,M,26.1
P003,2024-03-04,137.0,43,0,6240,47,M,26.1
P003,2024-03-05,127.9,43,0,5080,47,M,26.1
P003,2024-03-06,115.3,43,0,7300,47,M,26.1
P003,2024-03-07,122.1,43,0,6130,47,M,26.1
P003,2024-03-08,146.0,43,0,7670,47,M,26.1
P003,2024-03-09,154.4,43,1,8230,47,M,26.1
P003,2024-03-10,156.5,43,1,5020,47,M,26.1
P003,2024-03-11,145.5,43,0,3880,47,M,26.1
P003,2024-03-12,134.0,43,0,5030,47,M,26.1
P003,2024-03-13,142.4,43,0,3960,47,M,26.1
P003,2024-03-14,130.9,43,0,4430,47,M,26.1
P003,2024-03-15,130.3,43,0,8930,47,M,26.1
P003,2024-03-16,139.7,43,1,5490,47,M,26.1
P003,2024-03-17,154.3,43,1,2340,47,M,26.1
P003,2024-03-18,147.6,43,0,7760,47,M,26.1
P003,2024-03-19,137.2,43,0,8850,47,M,26.1
P003,2024-03-20,126.1,43,0,5930,47,M,26.1
P003,2024-03-21,122.2,43,0,5360,47,M,26.1
P003,2024-03-22,128.1,43,0,5970,47,M,26.1
P003,2024-03-23,137.3,43,1,5590,47,M,26.1
P003,2024-03-24,130.7,43,1,6230,47,M,26.1
P003,2024-03-25,111.0,43,0,8710,47,M,26.1
P003,2024-03-26,109.1,43,0,8760,47,M,26.1
P003,2024-03-27,99.5,43,0,8710,47,M,26.1
P003,2024-03-28,97.5,43,0,9030,47,M,26.1
P003,2024-03-29,92.9,43,0,7770,47,M,26.1
P003,2024-03-30,121.2,43,1,2320,47,M,26.1
P003,2024-03-31,140.7,43,1,4840,47,M,26.1
P003,2024-04-01,139.3,43,0,7150,47,M,26.1
P003,2024-04-02,117.1,43,0,5890,47,M,26.1
P003,2024-04-03,115.6,43,0,8220,47,M,26.1
P003,2024-04-04,121.3,43,0,5930,47,M,26.1
P003,2024-04-05,123.2,43,0,4910,47,M,26.1
P003,2024-04-06,136.9,43,1,7680,47,M,26.1
P003,2024-04-07,146.6,43,1,6280,47,M,26.1
P003,2024-04-08,128.5,43,0,6970,47,M,26.1
P003,2024-04-09,116.9,43,0,8250,47,M,26.1
P003,2024-04-10,107.3,43,0,8490,47,M,26.1
P003,2024-04-11,116.3,43,0,7190,47,M,26.1
P003,2024-04-12,124.8,43,0,2160,47,M,26.1
P003,2024-04-13,139.4,43,1,3860,47,M,26.1
P003,2024-04-14,133.7,43,1,4260,47,M,26.1
P003,2024-04-15,130.1,43,0,4810,47,M,26.1
P003,2024-04-16,136.2,43,0,6940,47,M,26.1
P003,2024-04-17,126.7,43,0,8730,47,M,26.1
P003,2024-04-18,130.1,43,0,5710,47,M,26.1
P003,2024-04-19,140.0,43,0,4540,47,M,26.1
P003,2024-04-20,139.6,43,1,8730,47,M,26.1
P003,2024-04-21,132.7,43,1,4270,47,M,26.1
P003,2024-04-22,134.1,43,0,4360,47,M,26.1
P003,2024-04-23,129.5,43,0,7010,47,M,26.1
P004,2024-02-05,141.2,56,0,6330,46,M,28.8
P004,2024-02-06,126.1,56,0,3000,46,M,28.8
P004,2024-02-07,143.5,56,0,6320,46,M,28.8
P004,2024-02-08,136.2,56,0,6120,46,M,28.8
P004,2024-02-09,144.8,56,0,5830,46,M,28.8
P004,2024-02-10,150.6,56,1,2100,46,M,28.8
P004,2024-02-11,155.2,56,1,4480,46,M,28.8
P004,2024-02-12,157.7,56,0,6570,46,M,28.8
P004,2024-02-13,141.5,56,0,6830,46,M,28.8
P004,2024-02-14,134.6,56,0,4540,46,M,28.8
P004,2024-02-15,138.4,56,0,7810,46,M,28.8
P004,2024-02-16,125.1,56,0,4390,46,M,28.8
P004,2024-02-17,159.2,56,1,4730,46,M,28.8
P004,2024-02-18,170.3,56,1,7550,46,M,28.8
P004,2024-02-19,137.9,56,0,5360,46,M,28.8
P004,2024-02-20,125.9,56,0,5690,46,M,28.8
P004,2024-02-21,138.3,56,0,8630,46,M,28.8
P004,2024-02-22,139.3,56,0,5930,46,M,28.8
P004,2024-02-23,146.2,56,0,6090,46,M,28.8
P004,2024-02-24,163.3,56,1,5550,46,M,28.8
P004,2024-02-25,150.0,56,1,7080,46,M,28.8
P004,2024-02-26,129.9,56,0,2560,46,M,28.8
P004,2024-02-27,127.5,56,0,5110,46,M,28.8
P004,2024-02-28,115.3,56,0,4780,46,M,28.8
P004,2024-02-29,131.1,56,0,4630,46,M,28.8
P004,2024-03-01,127.6,56,0,5060,46,M,28.8
P004,2024-03-02,162.4,56,1,3590,46,M,28.8
P004,2024-03-03,161.1,56,1,5700,46,M,28.8
P004,2024-03-04,135.1,56,0,5000,46,M,28.8
P004,2024-03-05,141.6,58,0,6870,46,M,28.8
P004,2024-03-06,150.7,58,0,7380,46,M,28.8
P004,2024-03-07,147.2,58,0,5290,46,M,28.8
P004,2024-03-08,136.7,58,0,6880,46,M,28.8
P004,2024-03-09,151.7,58,1,8160,46,M,28.8
P004,2024-03-10,160.0,58,1,5730,46,M,28.8
P004,2024-03-11,142.5,58,0,5460,46,M,28.8
P004,2024-03-12,135.8,58,0,6520,46,M,28.8
P004,2024-03-13,143.7,58,0,4950,46,M,28.8
P004,2024-03-14,145.7,58,0,7140,46,M,28.8
P004,2024-03-15,130.4,58,0,8230,46,M,28.8
P004,2024-03-16,141.2,58,1,3630,46,M,28.8
P004,2024-03-17,146.5,58,1,4750,46,M,28.8
P004,2024-03-18,135.8,58,0,8690,46,M,28.8
P004,2024-03-19,129.4,58,0,5720,46,M,28.8
P004,2024-03-20,144.1,58,0,6990,46,M,28.8
P004,2024-03-21,142.8,58,0,4760,46,M,28.8
P004,2024-03-22,129.4,58,0,5130,46,M,28.8
P004,2024-03-23,147.4,58,1,4200,46,M,28.8
P004,2024-03-24,155.7,58,1,9060,46,M,28.8
P004,2024-03-25,132.0,58,0,5900,46,M,28.8
P004,2024-03-26,142.9,58,0,5690,46,M,28.8
P004,2024-03-27,133.3,58,0,5630,46,M,28.8
P004,2024-03-28,124.2,58,0,6340,46,M,28.8
P004,2024-03-29,132.5,58,0,7820,46,M,28.8
P004,2024-03-30,133.6,58,1,5480,46,M,28.8
P004,2024-03-31,123.9,58,1,8840,46,M,28.8
P004,2024-04-01,120.3,58,0,7020,46,M,28.8
P004,2024-04-02,122.9,56,0,9250,46,M,28.8
P004,2024-04-03,120.2,56,0,7140,46,M,28.8
P004,2024-04-04,117.3,56,0,7730,46,M,28.8
P004,2024-04-05,112.8,56,0,4040,46,M,28.8
P004,2024-04-06,134.0,56,1,4910,46,M,28.8
P004,2024-04-07,138.8,56,1,5020,46,M,28.8
P004,2024-04-08,134.7,56,0,6200,46,M,28.8
P004,2024-04-09,117.3,56,0,2760,46,M,28.8
P004,2024-04-10,139.8,56,0,8230,46,M,28.8
P004,2024-04-11,122.7,56,0,5940,46,M,28.8
P004,2024-04-12,124.5,56,0,5850,46,M,28.8
P004,2024-04-13,146.5,60,1,4680,46,M,28.8
P004,2024-04-14,149.9,60,1,4730,46,M,28.8
P004,2024-04-15,124.4,60,0,7370,46,M,28.8
P004,2024-04-16,139.0,60,0,4350,46,M,28.8
P004,2024-04-17,134.9,60,0,4960,46,M,28.8
P004,2024-04-18,136.0,60,0,7160,46,M,28.8
P004,2024-04-19,132.2,60,0,6900,46,M,28.8
P004,2024-04-20,156.3,60,1,4460,46,M,28.8
P004,2024-04-21,151.6,60,1,4110,46,M,28.8
P004,2024-04-22,143.9,60,0,5140,46,M,28.8
P004,2024-04-23,130.9,60,0,6530,46,M,28.8
P004,2024-04-24,136.2,60,0,8770,46,M,28.8
P004,2024-04-25,121.4,60,0,4740,46,M,28.8
P004,2024-04-26,126.4,60,0,9380,46,M,28.8
P004,2024-04-27,147.3,60,1,6660,46,M,28.8
P004,2024-04-28,150.0,60,1,4320,46,M,28.8
P004,2024-04-29,137.6,60,0,8050,46,M,28.8
P004,2024-04-30,145.7,60,0,4000,46,M,28.8
P004,2024-05-01,148.4,60,0,3520,46,M,28.8
P004,2024-05-02,137.1,60,0,4320,46,M,28.8
P004,2024-05-03,141.0,60,0,5900,46,M,28.8
P004,2024-05-04,140.3,60,1,4550,46,M,28.8
P004,2024-05-05,154.9,60,1,4210,46,M,28.8
P004,2024-05-06,149.8,60,0,6820,46,M,28.8
P004,2024-05-07,135.7,60,0,2800,46,M,28.8
P004,2024-05-08,138.2,60,0,7530,46,M,28.8
P004,2024-05-09,132.2,60,0,4090,46,M,28.8
P004,2024-05-10,139.9,60,0,5450,46,M,28.8
P004,2024-05-11,143.8,60,1,4400,46,M,28.8
P004,2024-05-12,153.9,60,1,3060,46,M,28.8
P004,2024-05-13,126.3,60,0,4170,46,M,28.8
P004,2024-05-14,127.0,60,0,4830,46,M,28.8
P004,2024-05-15,127.3,60,0,6620,46,M,28.8
P004,2024-05-16,125.4,60,0,7700,46,M,28.8
P004,2024-05-17,128.5,60,0,7660,46,M,28.8
P004,2024-05-18,133.0,60,1,3350,46,M,28.8
P004,2024-05-19,150.0,60,1,3720,46,M,28.8
P004,2024-05-20,133.7,60,0,4980,46,M,28.8
P004,2024-05-21,126.0,60,0,7450,46,M,28.8
P004,2024-05-22,111.9,60,0,2970,46,M,28.8
P004,2024-05-23,116.5,60,0,8870,46,M,28.8
P004,2024-05-24,114.2,60,0,5770,46,M,28.8
P004,2024-05-25,129.4,60,1,3730,46,M,28.8
P004,2024-05-26,138.6,60,1,5750,46,M,28.8
P004,2024-05-27,131.7,60,0,8500,46,M,28.8
P004,2024-05-28,132.7,60,0,7260,46,M,28.8
P004,2024-05-29,143.6,60,0,8530,46,M,28.8
P004,2024-05-30,131.5,60,0,6880,46,M,28.8
P004,2024-05-31,123.1,60,0,8850,46,M,28.8
P004,2024-06-01,143.4,60,1,7380,46,M,28.8
P004,2024-06-02,147.3,60,1,4960,46,M,28.8
P004,2024-06-03,145.6,60,0,9230,46,M,28.8
P004,2024-06-04,133.1,60,0,6940,46,M,28.8
P004,2024-06-05,145.2,60,0,6800,46,M,28.8
P004,2024-06-06,147.6,60,0,4980,46,M,28.8
P005,2024-01-03,141.6,57,0,4440,51,M,24.7
P005,2024-01-04,158.8,57,0,4690,51,M,24.7
P005,2024-01-05,155.4,57,0,8520,51,M,24.7
P005,2024-01-06,164.6,57,1,2350,51,M,24.7
P005,2024-01-07,165.3,57,1,6950,51,M,24.7
P005,2024-01-08,138.8,57,0,8060,51,M,24.7
P005,2024-01-09,137.5,57,0,6170,51,M,24.7
P005,2024-01-10,130.9,57,0,4960,51,M,24.7
P005,2024-01-11,127.7,57,0,5930,51,M,24.7
P005,2024-01-12,130.8,57,0,7190,51,M,24.7
P005,2024-01-13,141.7,57,1,6180,51,M,24.7
P005,2024-01-14,137.1,57,1,5360,51,M,24.7
P005,2024-01-15,131.9,57,0,8130,51,M,24.7
P005,2024-01-16,125.1,57,0,5340,51,M,24.7
P005,2024-01-17,139.7,57,0,6760,51,M,24.7
P005,2024-01-18,133.6,57,0,3520,51,M,24.7
P005,2024-01-19,135.4,57,0,7710,51,M,24.7
P005,2024-01-20,141.2,57,1,5120,51,M,24.7
P005,2024-01-21,143.8,57,1,4090,51,M,24.7
P005,2024-01-22,126.1,57,0,8430,51,M,24.7
P005,2024-01-23,116.0,57,0,7580,51,M,24.7
P005,2024-01-24,126.0,57,0,1270,51,M,24.7
P005,2024-01-25,142.8,57,0,6410,51,M,24.7
P005,2024-01-26,140.3,57,0,3720,51,M,24.7
P005,2024-01-27,140.7,57,1,6760,51,M,24.7
P005,2024-01-28,133.9,57,1,9320,51,M,24.7
P005,2024-01-29,114.6,57,0,5410,51,M,24.7
P005,2024-01-30,127.3,57,0,6470,51,M,24.7
P005,2024-01-31,123.7,57,0,5890,51,M,24.7
P005,2024-02-01,123.8,57,0,6970,51,M,24.7
P005,2024-02-02,131.9,57,0,7500,51,M,24.7
P005,2024-02-03,146.5,57,1,7160,51,M,24.7
P005,2024-02-04,137.9,57,1,3060,51,M,24.7
P005,2024-02-05,146.8,57,0,9170,51,M,24.7
P005,2024-02-06,140.9,57,0,4660,51,M,24.7
P005,2024-02-07,141.3,57,0,6840,51,M,24.7
P005,2024-02-08,143.1,57,0,8430,51,M,24.7
P005,2024-02-09,131.0,57,0,7620,51,M,24.7
P005,2024-02-10,156.1,57,1,3150,51,M,24.7
P005,2024-02-11,159.7,57,1,3580,51,M,24.7
P005,2024-02-12,136.7,57,0,5510,51,M,24.7
P005,2024-02-13,131.0,57,0,6250,51,M,24.7
P005,2024-02-14,124.9,57,0,8400,51,M,24.7
P005,2024-02-15,125.0,57,0,4010,51,M,24.7
P005,2024-02-16,135.9,57,0,7180,51,M,24.7
P005,2024-02-17,143.2,57,1,5940,51,M,24.7
P005,2024-02-18,140.4,57,1,5840,51,M,24.7
P005,2024-02-19,98.1,57,0,7180,51,M,24.7
P005,2024-02-20,108.1,57,0,9070,51,M,24.7
P005,2024-02-21,95.8,57,0,7220,51,M,24.7
P005,2024-02-22,111.4,57,0,7880,51,M,24.7
P005,2024-02-23,124.2,57,0,7350,51,M,24.7
P005,2024-02-24,140.9,57,1,8070,51,M,24.7
P005,2024-02-25,135.3,57,1,1420,51,M,24.7
P005,2024-02-26,134.0,57,0,8650,51,M,24.7
P005,2024-02-27,119.8,57,0,5870,51,M,24.7
P005,2024-02-28,122.6,57,0,5830,51,M,24.7
P005,2024-02-29,121.2,57,0,4590,51,M,24.7
P005,2024-03-01,120.4,57,0,2980,51,M,24.7
P005,2024-03-02,153.1,57,1,4150,51,M,24.7
P005,2024-03-03,150.8,57,1,3600,51,M,24.7
P005,2024-03-04,146.1,57,0,7230,51,M,24.7
P005,2024-03-05,134.5,57,0,3690,51,M,24.7
P005,2024-03-06,141.9,57,0,8920,51,M,24.7
P005,2024-03-07,129.9,57,0,6830,51,M,24.7
P005,2024-03-08,138.4,57,0,5890,51,M,24.7
P005,2024-03-09,159.8,57,1,3560,51,M,24.7
P005,2024-03-10,163.0,57,1,3420,51,M,24.7
P005,2024-03-11,141.0,57,0,4310,51,M,24.7
P005,2024-03-12,133.2,57,0,5360,51,M,24.7
P005,2024-03-13,146.7,57,0,6350,51,M,24.7
P005,2024-03-14,138.2,57,0,6020,51,M,24.7
P005,2024-03-15,134.5,57,0,3790,51,M,24.7
P005,2024-03-16,163.9,57,1,4360,51,M,24.7
P005,2024-03-17,165.9,57,1,3230,51,M,24.7
P005,2024-03-18,151.1,57,0,6630,51,M,24.7
P005,2024-03-19,134.6,57,0,9700,51,M,24.7
P005,2024-03-20,144.3,57,0,7470,51,M,24.7
P005,2024-03-21,142.3,57,0,5780,51,M,24.7
P005,2024-03-22,142.8,57,0,3420,51,M,24.7
P005,2024-03-23,153.9,57,1,2290,51,M,24.7
P005,2024-03-24,141.6,57,1,1800,51,M,24.7
P005,2024-03-25,120.5,57,0,7650,51,M,24.7
P005,2024-03-26,118.0,57,0,4960,51,M,24.7
P005,2024-03-27,129.0,57,0,6450,51,M,24.7
P005,2024-03-28,124.6,57,0,5220,51,M,24.7
P005,2024-03-29,119.2,57,0,6500,51,M,24.7
P005,2024-03-30,124.1,57,1,7360,51,M,24.7
P005,2024-03-31,127.8,57,1,3610,51,M,24.7
P005,2024-04-01,116.0,57,0,5730,51,M,24.7
P005,2024-04-02,127.9,57,0,4890,51,M,24.7
P005,2024-04-03,141.7,57,0,7910,51,M,24.7
P005,2024-04-04,156.7,57,0,4490,51,M,24.7
P005,2024-04-05,160.8,57,0,4300,51,M,24.7
P005,2024-04-06,162.1,57,1,2340,51,M,24.7
P005,2024-04-07,156.0,57,1,2300,51,M,24.7
P005,2024-04-08,115.6,57,0,7190,51,M,24.7
P005,2024-04-09,112.7,57,0,10960,51,M,24.7
P005,2024-04-10,112.5,57,0,4550,51,M,24.7
P005,2024-04-11,138.6,57,0,8050,51,M,24.7
P005,2024-04-12,136.5,57,0,6790,51,M,24.7
P005,2024-04-13,155.4,57,1,2860,51,M,24.7
P005,2024-04-14,161.3,57,1,4340,51,M,24.7
P005,2024-04-15,146.2,57,0,5920,51,M,24.7
P005,2024-04-16,150.1,57,0,5100,51,M,24.7
P005,2024-04-17,135.4,57,0,9820,51,M,24.7
P005,2024-04-18,120.6,57,0,2910,51,M,24.7
P005,2024-04-19,123.4,57,0,7030,51,M,24.7
P005,2024-04-20,146.3,57,1,5440,51,M,24.7
P005,2024-04-21,156.9,57,1,3800,51,M,24.7
P005,2024-04-22,146.2,57,0,6610,51,M,24.7
P005,2024-04-23,124.9,57,0,7920,51,M,24.7
P005,2024-04-24,123.9,57,0,6610,51,M,24.7
P005,2024-04-25,124.3,57,0,7090,51,M,24.7
P005,2024-04-26,124.8,57,0,7590,51,M,24.7
P005,2024-04-27,136.8,57,1,1180,51,M,24.7
P005,2024-04-28,155.1,57,1,7500,51,M,24.7
P005,2024-04-29,124.8,57,0,10440,51,M,24.7
P005,2024-04-30,127.1,57,0,8110,51,M,24.7
P005,2024-05-01,132.3,57,0,8160,51,M,24.7
P005,2024-05-02,128.6,57,0,3810,51,M,24.7
P005,2024-05-03,137.1,57,0,6130,51,M,24.7
P005,2024-05-04,144.0,57,1,3380,51,M,24.7
P005,2024-05-05,158.4,57,1,3780,51,M,24.7
P005,2024-05-06,140.5,57,0,8080,51,M,24.7
P005,2024-05-07,134.7,57,0,4890,51,M,24.7
P005,2024-05-08,137.4,57,0,6110,51,M,24.7
P005,2024-05-09,123.9,57,0,2900,51,M,24.7
P005,2024-05-10,142.7,57,0,6050,51,M,24.7
P005,2024-05-11,141.9,57,1,5000,51,M,24.7
P005,2024-05-12,152.5,57,1,3570,51,M,24.7
P005,2024-05-13,144.0,57,0,5040,51,M,24.7
P005,2024-05-14,125.7,57,0,9740,51,M,24.7
P005,2024-05-15,112.3,57,0,4160,51,M,24.7
P005,2024-05-16,124.0,57,0,4450,51,M,24.7
P005,2024-05-17,120.9,57,0,4880,51,M,24.7
P005,2024-05-18,129.2,57,1,7000,51,M,24.7
P005,2024-05-19,137.1,57,1,8620,51,M,24.7
P005,2024-05-20,118.9,57,0,6940,51,M,24.7
P005,2024-05-21,126.5,57,0,5050,51,M,24.7
P005,2024-05-22,126.2,57,0,5570,51,M,24.7
P005,2024-05-23,128.5,57,0,8260,51,M,24.7
P005,2024-05-24,116.7,57,0,4700,51,M,24.7
P005,2024-05-25,139.9,57,1,7460,51,M,24.7
P006,2024-02-01,132.3,40,0,8270,43,F,31.5
P006,2024-02-02,129.2,40,0,5300,43,F,31.5
P006,2024-02-03,160.9,40,1,2650,43,F,31.5
P006,2024-02-04,157.5,40,1,10020,43,F,31.5
P006,2024-02-05,121.2,40,0,7410,43,F,31.5
P006,2024-02-06,136.7,40,0,8110,43,F,31.5
P006,2024-02-07,140.8,40,0,7830,43,F,31.5
P006,2024-02-08,147.8,40,0,10080,43,F,31.5
P006,2024-02-09,129.7,40,0,7330,43,F,31.5
P006,2024-02-10,158.0,40,1,7510,43,F,31.5
P006,2024-02-11,157.9,40,1,3470,43,F,31.5
P006,2024-02-12,162.0,40,0,4310,43,F,31.5
P006,2024-02-13,141.8,40,0,9390,43,F,31.5
P006,2024-02-14,131.8,40,0,9470,43,F,31.5
P006,2024-02-15,127.4,40,0,7740,43,F,31.5
P006,2024-02-16,117.3,40,0,7230,43,F,31.5
P006,2024-02-17,130.8,40,1,5620,43,F,31.5
P006,2024-02-18,147.5,40,1,4080,43,F,31.5
P006,2024-02-19,131.6,40,0,9590,43,F,31.5
P006,2024-02-20,115.3,40,0,8010,43,F,31.5
P006,2024-02-21,127.9,40,0,7730,43,F,31.5
P006,2024-02-22,135.0,40,0,7500,43,F,31.5
P006,2024-02-23,139.4,40,0,8710,43,F,31.5
P006,2024-02-24,139.3,40,1,6230,43,F,31.5
P006,2024-02-25,143.3,40,1,6660,43,F,31.5
P006,2024-02-26,136.8,40,0,4720,43,F,31.5
P006,2024-02-27,132.6,40,0,7740,43,F,31.5
P006,2024-02-28,121.4,40,0,10760,43,F,31.5
P006,2024-02-29,125.3,40,0,5890,43,F,31.5
P006,2024-03-01,147.4,40,0,6590,43,F,31.5
P006,2024-03-02,146.1,40,1,6930,43,F,31.5
P006,2024-03-03,125.9,40,1,7040,43,F,31.5
P006,2024-03-04,109.5,40,0,7940,43,F,31.5
P006,2024-03-05,110.3,40,0,3910,43,F,31.5
P006,2024-03-06,127.1,40,0,7720,43,F,31.5
P006,2024-03-07,130.9,40,0,4690,43,F,31.5
P006,2024-03-08,137.7,40,0,5340,43,F,31.5
P006,2024-03-09,146.5,40,1,6310,43,F,31.5
P006,2024-03-10,148.8,40,1,4790,43,F,31.5
P006,2024-03-11,131.3,40,0,8280,43,F,31.5
P006,2024-03-12,127.4,40,0,12490,43,F,31.5
P006,2024-03-13,115.8,40,0,8220,43,F,31.5
P006,2024-03-14,148.5,40,0,8120,43,F,31.5
P006,2024-03-15,147.9,40,0,5210,43,F,31.5
P006,2024-03-16,153.6,40,1,4160,43,F,31.5
P006,2024-03-17,145.4,40,1,3410,43,F,31.5
P006,2024-03-18,130.8,40,0,5860,43,F,31.5
P006,2024-03-19,114.7,40,0,4850,43,F,31.5
P006,2024-03-20,116.9,40,0,5630,43,F,31.5
P006,2024-03-21,115.2,40,0,6440,43,F,31.5
P006,2024-03-22,126.3,40,0,5020,43,F,31.5
P006,2024-03-23,140.3,40,1,2770,43,F,31.5
P006,2024-03-24,140.2,40,1,2870,43,F,31.5
P006,2024-03-25,118.9,40,0,7640,43,F,31.5
P006,2024-03-26,106.7,40,0,6930,43,F,31.5
P006,2024-03-27,115.7,40,0,8670,43,F,31.5
P006,2024-03-28,115.9,40,0,8700,43,F,31.5
P006,2024-03-29,129.3,40,0,6210,43,F,31.5
P006,2024-03-30,142.6,40,1,6530,43,F,31.5
P006,2024-03-31,152.6,40,1,2730,43,F,31.5
P006,2024-04-01,146.6,40,0,10930,43,F,31.5
P006,2024-04-02,128.7,40,0,8970,43,F,31.5
P006,2024-04-03,116.1,40,0,6430,43,F,31.5
P006,2024-04-04,117.3,40,0,4730,43,F,31.5
P006,2024-04-05,134.9,40,0,7500,43,F,31.5
P006,2024-04-06,157.2,40,1,1950,43,F,31.5
P006,2024-04-07,167.2,40,1,3920,43,F,31.5
P006,2024-04-08,153.0,40,0,8170,43,F,31.5
P006,2024-04-09,137.2,40,0,6960,43,F,31.5
P006,2024-04-10,135.4,40,0,5940,43,F,31.5
P006,2024-04-11,132.2,40,0,8530,43,F,31.5
P006,2024-04-12,136.7,40,0,4950,43,F,31.5
P006,2024-04-13,158.1,40,1,5830,43,F,31.5
P006,2024-04-14,151.5,40,1,4420,43,F,31.5
P006,2024-04-15,136.2,40,0,5290,43,F,31.5
P006,2024-04-16,138.6,40,0,7650,43,F,31.5
P006,2024-04-17,134.1,40,0,5030,43,F,31.5
P006,2024-04-18,129.9,40,0,10240,43,F,31.5
P006,2024-04-19,133.8,40,0,5770,43,F,31.5
P006,2024-04-20,153.5,40,1,8900,43,F,31.5
P006,2024-04-21,143.2,40,1,3350,43,F,31.5
P006,2024-04-22,149.5,40,0,7910,43,F,31.5
P006,2024-04-23,142.3,40,0,4660,43,F,31.5
P006,2024-04-24,141.2,40,0,4410,43,F,31.5
P006,2024-04-25,142.4,40,0,7110,43,F,31.5
P006,2024-04-26,124.8,40,0,8040,43,F,31.5
P006,2024-04-27,133.5,40,1,3030,43,F,31.5
P006,2024-04-28,128.8,40,1,7450,43,F,31.5
P006,2024-04-29,125.5,40,0,5380,43,F,31.5
P006,2024-04-30,116.8,40,0,7060,43,F,31.5
P006,2024-05-01,126.9,40,0,7500,43,F,31.5
P006,2024-05-02,122.3,40,0,7890,43,F,31.5
P006,2024-05-03,118.6,40,0,3580,43,F,31.5
P006,2024-05-04,146.0,40,1,8230,43,F,31.5
P006,2024-05-05,143.4,40,1,6330,43,F,31.5
P006,2024-05-06,140.2,40,0,6050,43,F,31.5
P006,2024-05-07,154.3,40,0,4980,43,F,31.5
P006,2024-05-08,153.2,40,0,3770,43,F,31.5
P006,2024-05-09,157.8,40,0,4370,43,F,31.5
P006,2024-05-10,145.8,40,0,7800,43,F,31.5
P006,2024-05-11,156.7,40,1,4710,43,F,31.5
P006,2024-05-12,160.2,40,1,3280,43,F,31.5
P006,2024-05-13,137.8,44,0,5870,43,F,31.5
P006,2024-05-14,131.0,44,0,9640,43,F,31.5
P006,2024-05-15,122.3,44,0,6220,43,F,31.5
P006,2024-05-16,130.0,44,0,5770,43,F,31.5
P006,2024-05-17,132.7,44,0,9250,43,F,31.5
P006,2024-05-18,133.1,44,1,6150,43,F,31.5
P006,2024-05-19,133.2,44,1,5400,43,F,31.5
P006,2024-05-20,128.7,44,0,5730,43,F,31.5
P006,2024-05-21,113.2,44,0,4030,43,F,31.5
P006,2024-05-22,116.2,44,0,4710,43,F,31.5
P006,2024-05-23,132.0,44,0,5960,43,F,31.5
P006,2024-05-24,105.9,44,0,6420,43,F,31.5
P006,2024-05-25,121.1,44,1,5960,43,F,31.5
P006,2024-05-26,134.7,44,1,6310,43,F,31.5
P006,2024-05-27,109.2,44,0,7220,43,F,31.5
P006,2024-05-28,135.3,44,0,7220,43,F,31.5
P006,2024-05-29,111.0,44,0,5010,43,F,31.5
P006,2024-05-30,133.5,44,0,2940,43,F,31.5
P006,2024-05-31,149.9,44,0,5880,43,F,31.5
P006,2024-06-01,160.7,44,1,3600,43,F,31.5
P006,2024-06-02,160.3,42,1,4150,43,F,31.5
P006,2024-06-03,145.9,42,0,6330,43,F,31.5
P006,2024-06-04,132.1,42,0,4580,43,F,31.5
P006,2024-06-05,143.7,42,0,4820,43,F,31.5
P006,2024-06-06,132.8,42,0,6640,43,F,31.5
P006,2024-06-07,129.6,42,0,7030,43,F,31.5
P006,2024-06-08,153.1,42,1,4140,43,F,31.5
P006,2024-06-09,147.9,42,1,6220,43,F,31.5
P007,2024-01-09,123.1,35,0,3880,71,F,23.8
P007,2024-01-10,129.9,35,0,9040,71,F,23.8
P007,2024-01-11,134.7,35,0,5550,71,F,23.8
P007,2024-01-12,150.0,35,0,4050,71,F,23.8
P007,2024-01-13,160.4,35,1,1300,71,F,23.8
P007,2024-01-14,175.3,35,1,2330,71,F,23.8
P007,2024-01-15,152.7,35,0,6440,71,F,23.8
P007,2024-01-16,155.3,35,0,6510,71,F,23.8
P007,2024-01-17,153.2,35,0,4750,71,F,23.8
P007,2024-01-18,147.9,35,0,5230,71,F,23.8
P007,2024-01-19,151.3,35,0,4590,71,F,23.8
P007,2024-01-20,156.3,35,1,1650,71,F,23.8
P007,2024-01-21,154.3,35,1,5980,71,F,23.8
P007,2024-01-22,122.4,35,0,5810,71,F,23.8
P007,2024-01-23,130.3,35,0,9600,71,F,23.8
P007,2024-01-24,124.4,35,0,3780,71,F,23.8
P007,2024-01-25,136.4,35,0,4890,71,F,23.8
P007,2024-01-26,131.4,35,0,6730,71,F,23.8
P007,2024-01-27,154.5,35,1,3200,71,F,23.8
P007,2024-01-28,154.1,35,1,1140,71,F,23.8
P007,2024-01-29,137.3,35,0,3430,71,F,23.8
P007,2024-01-30,144.2,35,0,5320,71,F,23.8
P007,2024-01-31,148.7,35,0,5760,71,F,23.8
P007,2024-02-01,144.3,35,0,4970,71,F,23.8
P007,2024-02-02,127.4,35,0,6950,71,F,23.8
P007,2024-02-03,135.7,35,1,5430,71,F,23.8
P007,2024-02-04,147.8,35,1,4220,71,F,23.8
P007,2024-02-05,137.3,35,0,5190,71,F,23.8
P007,2024-02-06,148.7,35,0,4680,71,F,23.8
P007,2024-02-07,134.8,35,0,6130,71,F,23.8
P007,2024-02-08,139.8,35,0,6800,71,F,23.8
P007,2024-02-09,133.1,35,0,5250,71,F,23.8
P007,2024-02-10,163.0,35,1,4450,71,F,23.8
P007,2024-02-11,161.4,35,1,3060,71,F,23.8
P007,2024-02-12,157.4,35,0,2600,71,F,23.8
P007,2024-02-13,149.3,35,0,3340,71,F,23.8
P007,2024-02-14,136.4,35,0,6520,71,F,23.8
P007,2024-02-15,125.5,35,0,5940,71,F,23.8
P007,2024-02-16,127.9,35,0,8000,71,F,23.8
P007,2024-02-17,134.9,35,1,3740,71,F,23.8
P007,2024-02-18,159.2,35,1,5200,71,F,23.8
P007,2024-02-19,152.6,35,0,7520,71,F,23.8
P007,2024-02-20,145.1,35,0,6930,71,F,23.8
P007,2024-02-21,131.5,37,0,4040,71,F,23.8
P007,2024-02-22,136.6,37,0,4810,71,F,23.8
P007,2024-02-23,129.7,37,0,5370,71,F,23.8
P007,2024-02-24,158.3,35,1,1870,71,F,23.8
P007,2024-02-25,163.9,35,1,4490,71,F,23.8
P007,2024-02-26,144.9,35,0,6980,71,F,23.8
P007,2024-02-27,132.7,35,0,4270,71,F,23.8
P007,2024-02-28,120.7,35,0,8690,71,F,23.8
P007,2024-02-29,111.4,35,0,4620,71,F,23.8
P007,2024-03-01,116.4,35,0,4770,71,F,23.8
P007,2024-03-02,140.3,35,1,3210,71,F,23.8
P007,2024-03-03,147.6,35,1,2370,71,F,23.8
P007,2024-03-04,130.9,35,0,5890,71,F,23.8
P007,2024-03-05,124.8,35,0,5180,71,F,23.8
P007,2024-03-06,142.9,35,0,8130,71,F,23.8
P007,2024-03-07,127.3,35,0,6230,71,F,23.8
P007,2024-03-08,126.0,35,0,6110,71,F,23.8
P007,2024-03-09,143.1,35,1,3240,71,F,23.8
P007,2024-03-10,147.3,35,1,1090,71,F,23.8
P007,2024-03-11,139.1,35,0,4980,71,F,23.8
P007,2024-03-12,140.3,35,0,3610,71,F,23.8
P007,2024-03-13,158.2,35,0,6850,71,F,23.8
P007,2024-03-14,132.9,35,0,5090,71,F,23.8
P007,2024-03-15,139.3,35,0,8140,71,F,23.8
P007,2024-03-16,149.3,35,1,4960,71,F,23.8
P007,2024-03-17,155.9,35,1,5140,71,F,23.8
P007,2024-03-18,140.6,35,0,5560,71,F,23.8
P007,2024-03-19,137.6,35,0,5520,71,F,23.8
P007,2024-03-20,146.8,35,0,6320,71,F,23.8
P007,2024-03-21,138.6,35,0,6800,71,F,23.8
P007,2024-03-22,135.9,35,0,3860,71,F,23.8
P007,2024-03-23,155.3,35,1,4530,71,F,23.8
P007,2024-03-24,154.1,35,1,8360,71,F,23.8
P007,2024-03-25,129.8,35,0,4980,71,F,23.8
P007,2024-03-26,144.0,35,0,4680,71,F,23.8
P007,2024-03-27,140.7,35,0,3890,71,F,23.8
P007,2024-03-28,141.2,35,0,2530,71,F,23.8
P007,2024-03-29,141.3,35,0,7280,71,F,23.8
P007,2024-03-30,136.6,35,1,3750,71,F,23.8
P007,2024-03-31,139.5,35,1,4180,71,F,23.8
P007,2024-04-01,120.5,35,0,8460,71,F,23.8
P007,2024-04-02,115.3,39,0,9660,71,F,23.8
P007,2024-04-03,110.5,39,0,3540,71,F,23.8
P007,2024-04-04,114.6,43,0,7040,71,F,23.8
P007,2024-04-05,116.1,43,0,6260,71,F,23.8
P007,2024-04-06,139.5,43,1,4360,71,F,23.8
P007,2024-04-07,130.1,43,1,4500,71,F,23.8
P007,2024-04-08,136.0,43,0,5100,71,F,23.8
P007,2024-04-09,134.1,43,0,8000,71,F,23.8
P007,2024-04-10,127.1,43,0,6250,71,F,23.8
P007,2024-04-11,139.6,43,0,5760,71,F,23.8
P007,2024-04-12,138.2,43,0,7390,71,F,23.8
P007,2024-04-13,142.3,43,1,5260,71,F,23.8
P007,2024-04-14,165.0,43,1,4470,71,F,23.8
P007,2024-04-15,137.5,43,0,5730,71,F,23.8
P007,2024-04-16,133.6,43,0,8310,71,F,23.8
P007,2024-04-17,134.9,43,0,6060,71,F,23.8
P007,2024-04-18,127.7,43,0,4980,71,F,23.8
P007,2024-04-19,130.2,43,0,3600,71,F,23.8
P007,2024-04-20,150.7,43,1,3030,71,F,23.8
P007,2024-04-21,169.7,43,1,1760,71,F,23.8
P007,2024-04-22,142.2,43,0,5340,71,F,23.8
P007,2024-04-23,131.7,43,0,5610,71,F,23.8
P007,2024-04-24,134.4,43,0,1450,71,F,23.8
P007,2024-04-25,139.7,43,0,5180,71,F,23.8
P007,2024-04-26,119.8,43,0,6310,71,F,23.8
P007,2024-04-27,136.8,43,1,3940,71,F,23.8
P007,2024-04-28,142.1,43,1,1930,71,F,23.8
P007,2024-04-29,135.1,43,0,7430,71,F,23.8
P007,2024-04-30,131.4,43,0,3890,71,F,23.8
P007,2024-05-01,142.1,43,0,2930,71,F,23.8
P007,2024-05-02,141.5,43,0,3200,71,F,23.8
P008,2024-02-08,131.3,32,0,5440,53,M,26.5
P008,2024-02-09,132.1,32,0,7740,53,M,26.5
P008,2024-02-10,139.3,32,1,3580,53,M,26.5
P008,2024-02-11,157.1,32,1,4970,53,M,26.5
P008,2024-02-12,137.5,32,0,4700,53,M,26.5
P008,2024-02-13,127.3,32,0,9710,53,M,26.5
P008,2024-02-14,129.3,32,0,7860,53,M,26.5
P008,2024-02-15,129.6,32,0,8250,53,M,26.5
P008,2024-02-16,135.1,32,0,3830,53,M,26.5
P008,2024-02-17,161.6,32,1,2740,53,M,26.5
P008,2024-02-18,172.4,32,1,6660,53,M,26.5
P008,2024-02-19,154.0,32,0,5870,53,M,26.5
P008,2024-02-20,144.3,32,0,5760,53,M,26.5
P008,2024-02-21,140.6,32,0,6820,53,M,26.5
P008,2024-02-22,126.7,32,0,3960,53,M,26.5
P008,2024-02-23,148.7,32,0,7610,53,M,26.5
P008,2024-02-24,154.8,32,1,4750,53,M,26.5
P008,2024-02-25,167.4,32,1,5580,53,M,26.5
P008,2024-02-26,141.9,32,0,5010,53,M,26.5
P008,2024-02-27,123.0,32,0,7140,53,M,26.5
P008,2024-02-28,135.3,32,0,4950,53,M,26.5
P008,2024-02-29,138.0,32,0,7940,53,M,26.5
P008,2024-03-01,131.4,32,0,8250,53,M,26.5
P008,2024-03-02,143.9,32,1,6360,53,M,26.5
P008,2024-03-03,152.1,32,1,5650,53,M,26.5
P008,2024-03-04,141.5,32,0,7360,53,M,26.5
P008,2024-03-05,122.7,32,0,1350,53,M,26.5
P008,2024-03-06,147.3,32,0,7720,53,M,26.5
P008,2024-03-07,129.6,32,0,5730,53,M,26.5
P008,2024-03-08,131.6,32,0,6390,53,M,26.5
P008,2024-03-09,161.1,32,1,4210,53,M,26.5
P008,2024-03-10,169.5,32,1,2220,53,M,26.5
P008,2024-03-11,152.2,32,0,5250,53,M,26.5
P008,2024-03-12,129.9,32,0,7410,53,M,26.5
P008,2024-03-13,132.2,32,0,8770,53,M,26.5
P008,2024-03-14,136.7,32,0,5100,53,M,26.5
P008,2024-03-15,143.4,32,0,4590,53,M,26.5
P008,2024-03-16,148.7,32,1,7330,53,M,26.5
P008,2024-03-17,140.9,32,1,3130,53,M,26.5
P008,2024-03-18,130.0,32,0,9950,53,M,26.5
P008,2024-03-19,124.6,32,0,6310,53,M,26.5
P008,2024-03-20,141.3,32,0,4630,53,M,26.5
P008,2024-03-21,151.6,32,0,7990,53,M,26.5
P008,2024-03-22,134.5,32,0,9270,53,M,26.5
P008,2024-03-23,147.0,32,1,2140,53,M,26.5
P008,2024-03-24,164.0,32,1,7530,53,M,26.5
P008,2024-03-25,132.0,32,0,5710,53,M,26.5
P008,2024-03-26,133.8,32,0,8900,53,M,26.5
P008,2024-03-27,144.1,32,0,5540,53,M,26.5
P008,2024-03-28,145.3,32,0,3380,53,M,26.5
P008,2024-03-29,151.6,32,0,7120,53,M,26.5
P008,2024-03-30,148.7,32,1,6390,53,M,26.5
P008,2024-03-31,148.4,32,1,8490,53,M,26.5
P008,2024-04-01,115.2,32,0,9320,53,M,26.5
P008,2024-04-02,118.2,32,0,7470,53,M,26.5
P008,2024-04-03,134.8,32,0,5790,53,M,26.5
P008,2024-04-04,153.5,32,0,5280,53,M,26.5
P008,2024-04-05,156.9,32,0,5690,53,M,26.5
P008,2024-04-06,167.9,32,1,3220,53,M,26.5
P008,2024-04-07,166.9,32,1,4230,53,M,26.5
P008,2024-04-08,142.5,32,0,1640,53,M,26.5
P008,2024-04-09,146.6,32,0,6540,53,M,26.5
P008,2024-04-10,142.8,32,0,6170,53,M,26.5
P008,2024-04-11,136.2,32,0,10840,53,M,26.5
P008,2024-04-12,136.4,32,0,7590,53,M,26.5
P008,2024-04-13,147.5,32,1,3860,53,M,26.5
P008,2024-04-14,143.0,32,1,5740,53,M,26.5
P008,2024-04-15,124.1,32,0,4010,53,M,26.5
P008,2024-04-16,121.6,32,0,5140,53,M,26.5
P008,2024-04-17,117.8,32,0,2860,53,M,26.5
P008,2024-04-18,141.2,32,0,8810,53,M,26.5
P008,2024-04-19,129.6,32,0,7290,53,M,26.5
P008,2024-04-20,149.8,32,1,2600,53,M,26.5
P008,2024-04-21,168.1,32,1,4610,53,M,26.5
P008,2024-04-22,155.8,32,0,7930,53,M,26.5
P008,2024-04-23,138.1,32,0,7110,53,M,26.5
P008,2024-04-24,147.3,32,0,6910,53,M,26.5
P008,2024-04-25,144.3,32,0,4680,53,M,26.5
P008,2024-04-26,143.4,32,0,5070,53,M,26.5
P008,2024-04-27,156.7,32,1,4890,53,M,26.5
P008,2024-04-28,142.0,32,1,6380,53,M,26.5
P008,2024-04-29,121.0,32,0,4730,53,M,26.5
P008,2024-04-30,127.4,32,0,4200,53,M,26.5
P008,2024-05-01,136.2,32,0,8280,53,M,26.5
P008,2024-05-02,125.0,32,0,4550,53,M,26.5
P008,2024-05-03,132.9,32,0,8160,53,M,26.5
P008,2024-05-04,149.1,32,1,5160,53,M,26.5
P008,2024-05-05,164.7,32,1,6310,53,M,26.5
P008,2024-05-06,149.4,32,0,9360,53,M,26.5
P008,2024-05-07,148.4,32,0,7460,53,M,26.5
P008,2024-05-08,142.3,32,0,7620,53,M,26.5
P008,2024-05-09,137.2,32,0,4570,53,M,26.5
P008,2024-05-10,145.9,32,0,4970,53,M,26.5
P008,2024-05-11,155.9,32,1,5880,53,M,26.5
P008,2024-05-12,150.8,32,1,7480,53,M,26.5
P008,2024-05-13,149.1,32,0,8730,53,M,26.5
P008,2024-05-14,141.1,32,0,10390,53,M,26.5
P008,2024-05-15,128.3,32,0,6780,53,M,26.5
P008,2024-05-16,141.3,32,0,6590,53,M,26.5
P008,2024-05-17,155.8,32,0,8030,53,M,26.5
P008,2024-05-18,161.0,32,1,4750,53,M,26.5
P008,2024-05-19,172.9,32,1,4610,53,M,26.5
P008,2024-05-20,148.6,32,0,4330,53,M,26.5
P008,2024-05-21,141.9,32,0,8000,53,M,26.5
P008,2024-05-22,128.2,32,0,4290,53,M,26.5
P008,2024-05-23,135.7,32,0,7140,53,M,26.5
P008,2024-05-24,145.5,32,0,3670,53,M,26.5
P008,2024-05-25,151.5,32,1,6690,53,M,26.5
P008,2024-05-26,158.4,32,1,2870,53,M,26.5
P008,2024-05-27,138.5,32,0,7740,53,M,26.5
P008,2024-05-28,126.7,32,0,3360,53,M,26.5
P008,2024-05-29,142.7,32,0,5430,53,M,26.5
P008,2024-05-30,141.3,32,0,8340,53,M,26.5
P008,2024-05-31,134.4,32,0,4770,53,M,26.5
P008,2024-06-01,139.7,32,1,4840,53,M,26.5
P008,2024-06-02,146.5,32,1,3860,53,M,26.5
P008,2024-06-03,127.8,32,0,2060,53,M,26.5
P008,2024-06-04,156.6,32,0,6770,53,M,26.5
P008,2024-06-05,140.5,32,0,7000,53,M,26.5
P008,2024-06-06,139.7,32,0,4230,53,M,26.5
P008,2024-06-07,134.8,32,0,7250,53,M,26.5
P008,2024-06-08,142.2,32,1,3290,53,M,26.5
P008,2024-06-09,143.7,32,1,2910,53,M,26.5
P008,2024-06-10,145.1,32,0,6230,53,M,26.5
P008,2024-06-11,137.5,32,0,4990,53,M,26.5
P008,2024-06-12,146.2,32,0,10350,53,M,26.5
P008,2024-06-13,129.2,32,0,3420,53,M,26.5
P008,2024-06-14,140.8,32,0,7550,53,M,26.5
P008,2024-06-15,159.3,32,1,6500,53,M,26.5
P008,2024-06-16,150.8,32,1,1160,53,M,26.5
P008,2024-06-17,134.2,32,0,3100,53,M,26.5
P008,2024-06-18,139.7,32,0,7230,53,M,26.5
P008,2024-06-19,124.2,32,0,5350,53,M,26.5
P008,2024-06-20,128.8,32,0,6910,53,M,26.5
P008,2024-06-21,136.6,32,0,8270,53,M,26.5
P008,2024-06-22,140.1,32,1,4050,53,M,26.5
P008,2024-06-23,157.0,32,1,2800,53,M,26.5
P008,2024-06-24,137.8,32,0,1310,53,M,26.5
P008,2024-06-25,153.2,32,0,6590,53,M,26.5
P008,2024-06-26,148.5,32,0,4550,53,M,26.5
P008,2024-06-27,141.6,32,0,6780,53,M,26.5
P008,2024-06-28,132.6,32,0,6640,53,M,26.5
P008,2024-06-29,139.2,32,1,2230,53,M,26.5
P008,2024-06-30,151.8,32,1,7820,53,M,26.5
P008,2024-07-01,136.7,32,0,8170,53,M,26.5
P008,2024-07-02,121.6,32,0,7750,53,M,26.5
P008,2024-07-03,133.0,32,0,4090,53,M,26.5
P008,2024-07-04,129.2,32,0,5490,53,M,26.5
P008,2024-07-05,123.9,32,0,5240,53,M,26.5
P008,2024-07-06,129.9,32,1,3970,53,M,26.5
P008,2024-07-07,158.9,32,1,2700,53,M,26.5
P009,2024-01-16,116.0,41,0,10260,39,M,27.3
P009,2024-01-17,103.6,41,0,8290,39,M,27.3
P009,2024-01-18,108.7,41,0,7470,39,M,27.3
P009,2024-01-19,129.6,41,0,11380,39,M,27.3
P009,2024-01-20,125.5,41,1,3690,39,M,27.3
P009,2024-01-21,155.5,41,1,7190,39,M,27.3
P009,2024-01-22,144.0,41,0,6030,39,M,27.3
P009,2024-01-23,139.9,41,0,7150,39,M,27.3
P009,2024-01-24,134.8,41,0,7220,39,M,27.3
P009,2024-01-25,128.2,41,0,9790,39,M,27.3
P009,2024-01-26,123.6,41,0,5380,39,M,27.3
P009,2024-01-27,151.8,41,1,4600,39,M,27.3
P009,2024-01-28,151.0,41,1,2690,39,M,27.3
P009,2024-01-29,146.8,41,0,7940,39,M,27.3
P009,2024-01-30,141.0,41,0,6240,39,M,27.3
P009,2024-01-31,140.1,41,0,7820,39,M,27.3
P009,2024-02-01,133.7,41,0,5130,39,M,27.3
P009,2024-02-02,133.7,41,0,6410,39,M,27.3
P009,2024-02-03,144.9,41,1,7430,39,M,27.3
P009,2024-02-04,130.8,41,1,5250,39,M,27.3
P009,2024-02-05,125.9,41,0,8190,39,M,27.3
P009,2024-02-06,121.2,41,0,8010,39,M,27.3
P009,2024-02-07,113.8,41,0,6420,39,M,27.3
P009,2024-02-08,136.5,41,0,4250,39,M,27.3
P009,2024-02-09,127.8,41,0,8830,39,M,27.3
P009,2024-02-10,126.0,41,1,5870,39,M,27.3
P009,2024-02-11,137.4,41,1,7330,39,M,27.3
P009,2024-02-12,106.5,41,0,3440,39,M,27.3
P009,2024-02-13,115.5,41,0,4080,39,M,27.3
P009,2024-02-14,109.5,41,0,3200,39,M,27.3
P009,2024-02-15,113.4,41,0,5480,39,M,27.3
P009,2024-02-16,117.2,41,0,8940,39,M,27.3
P009,2024-02-17,133.2,41,1,6580,39,M,27.3
P009,2024-02-18,147.7,43,1,5500,39,M,27.3
P009,2024-02-19,140.9,43,0,7300,39,M,27.3
P009,2024-02-20,143.5,43,0,8430,39,M,27.3
P009,2024-02-21,140.2,43,0,6520,39,M,27.3
P009,2024-02-22,135.0,43,0,7770,39,M,27.3
P009,2024-02-23,139.5,43,0,7310,39,M,27.3
P009,2024-02-24,145.7,43,1,1620,39,M,27.3
P009,2024-02-25,150.5,43,1,4870,39,M,27.3
P009,2024-02-26,142.8,43,0,9510,39,M,27.3
P009,2024-02-27,134.9,43,0,6350,39,M,27.3
P009,2024-02-28,137.0,43,0,6800,39,M,27.3
P009,2024-02-29,137.4,43,0,5970,39,M,27.3
P009,2024-03-01,140.4,43,0,6190,39,M,27.3
P009,2024-03-02,136.5,43,1,7580,39,M,27.3
P009,2024-03-03,133.0,43,1,5080,39,M,27.3
P009,2024-03-04,114.5,43,0,5220,39,M,27.3
P009,2024-03-05,118.8,43,0,1460,39,M,27.3
P009,2024-03-06,122.5,43,0,6030,39,M,27.3
P009,2024-03-07,127.3,43,0,3520,39,M,27.3
P009,2024-03-08,133.9,43,0,3780,39,M,27.3
P009,2024-03-09,137.9,43,1,6990,39,M,27.3
P009,2024-03-10,132.3,43,1,6840,39,M,27.3
P009,2024-03-11,109.9,43,0,3610,39,M,27.3
P009,2024-03-12,121.5,43,0,8590,39,M,27.3
P009,2024-03-13,119.1,43,0,7890,39,M,27.3
P009,2024-03-14,123.2,43,0,5650,39,M,27.3
P009,2024-03-15,112.2,43,0,8380,39,M,27.3
P009,2024-03-16,124.6,43,1,2630,39,M,27.3
P009,2024-03-17,145.6,43,1,3390,39,M,27.3
P009,2024-03-18,134.6,43,0,4470,39,M,27.3
P009,2024-03-19,142.2,43,0,5060,39,M,27.3
P009,2024-03-20,127.6,43,0,8640,39,M,27.3
P009,2024-03-21,127.0,43,0,4660,39,M,27.3
P009,2024-03-22,129.5,43,0,4990,39,M,27.3
P009,2024-03-23,146.4,43,1,3850,39,M,27.3
P009,2024-03-24,152.3,43,1,5910,39,M,27.3
P009,2024-03-25,138.4,43,0,6450,39,M,27.3
P009,2024-03-26,129.4,43,0,8610,39,M,27.3
P009,2024-03-27,126.1,43,0,5780,39,M,27.3
P009,2024-03-28,121.2,43,0,4740,39,M,27.3
P009,2024-03-29,114.5,43,0,6150,39,M,27.3
P009,2024-03-30,135.7,43,1,5620,39,M,27.3
P009,2024-03-31,135.2,45,1,3880,39,M,27.3
P009,2024-04-01,112.2,45,0,7550,39,M,27.3
P009,2024-04-02,103.1,45,0,10320,39,M,27.3
P009,2024-04-03,103.2,45,0,6000,39,M,27.3
P009,2024-04-04,127.2,45,0,7130,39,M,27.3
P009,2024-04-05,130.0,45,0,9480,39,M,27.3
P009,2024-04-06,140.3,45,1,4380,39,M,27.3
P009,2024-04-07,130.4,45,1,4020,39,M,27.3
P009,2024-04-08,118.8,45,0,5070,39,M,27.3
P009,2024-04-09,122.4,45,0,7750,39,M,27.3
P009,2024-04-10,120.2,45,0,7960,39,M,27.3
P009,2024-04-11,122.2,45,0,6770,39,M,27.3
P009,2024-04-12,121.2,45,0,7110,39,M,27.3
P009,2024-04-13,148.9,45,1,7820,39,M,27.3
P009,2024-04-14,154.2,45,1,7090,39,M,27.3
P009,2024-04-15,133.7,45,0,4500,39,M,27.3
P009,2024-04-16,127.4,45,0,7010,39,M,27.3
P009,2024-04-17,140.1,45,0,7210,39,M,27.3
P009,2024-04-18,129.8,45,0,8320,39,M,27.3
P009,2024-04-19,135.9,45,0,6620,39,M,27.3
P009,2024-04-20,164.1,45,1,4360,39,M,27.3
P009,2024-04-21,152.3,45,1,4690,39,M,27.3
P009,2024-04-22,137.8,45,0,3810,39,M,27.3
P009,2024-04-23,134.3,45,0,6970,39,M,27.3
P009,2024-04-24,131.6,45,0,5940,39,M,27.3
P009,2024-04-25,133.9,45,0,7850,39,M,27.3
P009,2024-04-26,142.9,45,0,5160,39,M,27.3
P009,2024-04-27,158.7,45,1,4720,39,M,27.3
P009,2024-04-28,152.2,45,1,3740,39,M,27.3
P009,2024-04-29,144.4,45,0,5080,39,M,27.3
P009,2024-04-30,132.6,45,0,8260,39,M,27.3
P009,2024-05-01,119.6,45,0,6160,39,M,27.3
P009,2024-05-02,140.3,45,0,7800,39,M,27.3
P009,2024-05-03,122.2,45,0,4980,39,M,27.3
P009,2024-05-04,135.3,45,1,5670,39,M,27.3
P009,2024-05-05,134.1,45,1,2450,39,M,27.3
P009,2024-05-06,117.8,45,0,6130,39,M,27.3
P009,2024-05-07,96.8,45,0,6090,39,M,27.3
P009,2024-05-08,114.2,45,0,8040,39,M,27.3
P009,2024-05-09,106.1,45,0,7310,39,M,27.3
P009,2024-05-10,107.4,45,0,6670,39,M,27.3
P009,2024-05-11,124.2,45,1,6990,39,M,27.3
P009,2024-05-12,120.0,45,1,5830,39,M,27.3
P009,2024-05-13,105.9,45,0,7950,39,M,27.3
P009,2024-05-14,110.6,45,0,8360,39,M,27.3
P009,2024-05-15,133.4,45,0,6860,39,M,27.3
P009,2024-05-16,137.7,45,0,6450,39,M,27.3
P009,2024-05-17,139.8,45,0,7570,39,M,27.3
P009,2024-05-18,134.6,45,1,4730,39,M,27.3
P009,2024-05-19,142.2,45,1,6180,39,M,27.3
P009,2024-05-20,117.3,45,0,8970,39,M,27.3
P009,2024-05-21,122.7,45,0,8520,39,M,27.3
P009,2024-05-22,122.1,45,0,6290,39,M,27.3
P009,2024-05-23,127.6,45,0,4670,39,M,27.3
P009,2024-05-24,130.3,45,0,6880,39,M,27.3
P009,2024-05-25,135.3,45,1,5250,39,M,27.3
P009,2024-05-26,127.9,45,1,7470,39,M,27.3
P009,2024-05-27,119.5,45,0,6290,39,M,27.3
P009,2024-05-28,111.7,45,0,6600,39,M,27.3
P009,2024-05-29,106.2,45,0,8300,39,M,27.3
P009,2024-05-30,106.5,45,0,6120,39,M,27.3
P009,2024-05-31,109.4,45,0,6690,39,M,27.3
P009,2024-06-01,128.7,45,1,8560,39,M,27.3
P009,2024-06-02,134.6,45,1,8150,39,M,27.3
P009,2024-06-03,120.8,45,0,8110,39,M,27.3
P009,2024-06-04,120.0,45,0,7460,39,M,27.3
P009,2024-06-05,119.3,45,0,5230,39,M,27.3
P009,2024-06-06,129.2,45,0,7980,39,M,27.3
P009,2024-06-07,105.6,45,0,7080,39,M,27.3
P009,2024-06-08,128.4,45,1,5870,39,M,27.3
P009,2024-06-09,124.9,45,1,4540,39,M,27.3
P010,2024-01-19,116.8,41,0,7870,40,M,24.7
P010,2024-01-20,134.0,41,1,6860,40,M,24.7
P010,2024-01-21,132.7,41,1,4990,40,M,24.7
P010,2024-01-22,119.7,41,0,4900,40,M,24.7
P010,2024-01-23,139.4,41,0,8370,40,M,24.7
P010,2024-01-24,135.8,41,0,3260,40,M,24.7
P010,2024-01-25,151.7,41,0,3430,40,M,24.7
P010,2024-01-26,145.6,41,0,8230,40,M,24.7
P010,2024-01-27,153.7,41,1,6610,40,M,24.7
P010,2024-01-28,157.5,41,1,7180,40,M,24.7
P010,2024-01-29,145.9,41,0,6530,40,M,24.7
P010,2024-01-30,158.1,41,0,4640,40,M,24.7
P010,2024-01-31,147.3,41,0,6000,40,M,24.7
P010,2024-02-01,139.3,41,0,7940,40,M,24.7
P010,2024-02-02,129.3,41,0,5530,40,M,24.7
P010,2024-02-03,116.3,41,1,4150,40,M,24.7
P010,2024-02-04,116.6,41,1,2900,40,M,24.7
P010,2024-02-05,114.5,41,0,4820,40,M,24.7
P010,2024-02-06,120.9,41,0,8440,40,M,24.7
P010,2024-02-07,109.9,41,0,7740,40,M,24.7
P010,2024-02-08,122.6,41,0,4820,40,M,24.7
P010,2024-02-09,136.4,41,0,4970,40,M,24.7
P010,2024-02-10,141.3,41,1,4400,40,M,24.7
P010,2024-02-11,152.0,41,1,6410,40,M,24.7
P010,2024-02-12,142.6,41,0,4810,40,M,24.7
P010,2024-02-13,140.9,41,0,6610,40,M,24.7
P010,2024-02-14,123.2,41,0,3040,40,M,24.7
P010,2024-02-15,141.9,41,0,4650,40,M,24.7
P010,2024-02-16,133.0,41,0,7680,40,M,24.7
P010,2024-02-17,136.2,41,1,7040,40,M,24.7
P010,2024-02-18,139.1,41,1,3330,40,M,24.7
P010,2024-02-19,128.7,41,0,5520,40,M,24.7
P010,2024-02-20,135.3,41,0,8360,40,M,24.7
P010,2024-02-21,134.1,41,0,6210,40,M,24.7
P010,2024-02-22,144.9,41,0,5940,40,M,24.7
P010,2024-02-23,144.3,41,0,7860,40,M,24.7
P010,2024-02-24,142.9,41,1,5770,40,M,24.7
P010,2024-02-25,145.2,41,1,7430,40,M,24.7
P010,2024-02-26,134.9,41,0,8360,40,M,24.7
P010,2024-02-27,126.7,41,0,5880,40,M,24.7
P010,2024-02-28,154.3,41,0,6710,40,M,24.7
P010,2024-02-29,140.5,41,0,6810,40,M,24.7
P010,2024-03-01,129.8,41,0,4470,40,M,24.7
P010,2024-03-02,155.7,41,1,3660,40,M,24.7
P010,2024-03-03,158.0,41,1,7180,40,M,24.7
P010,2024-03-04,130.7,41,0,4050,40,M,24.7
P010,2024-03-05,131.2,41,0,8720,40,M,24.7
P010,2024-03-06,123.2,41,0,7440,40,M,24.7
P010,2024-03-07,129.6,41,0,6670,40,M,24.7
P010,2024-03-08,132.6,41,0,7900,40,M,24.7
P010,2024-03-09,136.4,41,1,6280,40,M,24.7
P010,2024-03-10,140.7,41,1,7610,40,M,24.7
P010,2024-03-11,128.1,41,0,6200,40,M,24.7
P010,2024-03-12,132.8,41,0,6510,40,M,24.7
P010,2024-03-13,102.8,41,0,6480,40,M,24.7
P010,2024-03-14,103.0,41,0,10320,40,M,24.7
P010,2024-03-15,96.7,41,0,8630,40,M,24.7
P010,2024-03-16,119.7,41,1,3750,40,M,24.7
P010,2024-03-17,136.6,41,1,4820,40,M,24.7
P010,2024-03-18,131.1,41,0,5650,40,M,24.7
P010,2024-03-19,133.8,41,0,6950,40,M,24.7
P010,2024-03-20,128.3,41,0,7310,40,M,24.7
P010,2024-03-21,127.4,41,0,11070,40,M,24.7
P010,2024-03-22,134.0,41,0,3630,40,M,24.7
P010,2024-03-23,152.6,41,1,7280,40,M,24.7
P010,2024-03-24,146.6,41,1,6220,40,M,24.7
P010,2024-03-25,145.6,41,0,5660,40,M,24.7
P010,2024-03-26,143.5,41,0,6660,40,M,24.7
P010,2024-03-27,120.3,41,0,6030,40,M,24.7
P010,2024-03-28,128.0,41,0,7020,40,M,24.7
P010,2024-03-29,123.5,41,0,8750,40,M,24.7
P010,2024-03-30,134.3,41,1,2690,40,M,24.7
P010,2024-03-31,155.5,41,1,7800,40,M,24.7
P010,2024-04-01,131.7,41,0,6260,40,M,24.7
P010,2024-04-02,128.7,41,0,9640,40,M,24.7
P010,2024-04-03,127.1,41,0,7670,40,M,24.7
P010,2024-04-04,130.0,41,0,9160,40,M,24.7
P010,2024-04-05,123.4,41,0,7950,40,M,24.7
P010,2024-04-06,138.9,41,1,7390,40,M,24.7
P010,2024-04-07,138.9,41,1,5540,40,M,24.7
P010,2024-04-08,123.0,41,0,5430,40,M,24.7
P010,2024-04-09,118.9,41,0,8150,40,M,24.7
P010,2024-04-10,114.7,41,0,8220,40,M,24.7
P010,2024-04-11,107.7,41,0,10720,40,M,24.7
P010,2024-04-12,96.3,41,0,3320,40,M,24.7
P010,2024-04-13,142.0,41,1,5080,40,M,24.7
P010,2024-04-14,136.7,41,1,7350,40,M,24.7
P010,2024-04-15,119.2,41,0,4680,40,M,24.7
P010,2024-04-16,124.8,41,0,6530,40,M,24.7
P010,2024-04-17,122.9,41,0,10760,40,M,24.7
P010,2024-04-18,116.0,41,0,9490,40,M,24.7
P010,2024-04-19,120.2,41,0,5350,40,M,24.7
P010,2024-04-20,136.9,41,1,8010,40,M,24.7
P010,2024-04-21,142.4,41,1,7580,40,M,24.7
P010,2024-04-22,123.0,41,0,8340,40,M,24.7
P010,2024-04-23,131.7,41,0,7630,40,M,24.7
P010,2024-04-24,115.7,41,0,7370,40,M,24.7
P010,2024-04-25,112.6,41,0,5370,40,M,24.7
P010,2024-04-26,130.7,41,0,6010,40,M,24.7
P010,2024-04-27,142.5,41,1,6770,40,M,24.7
P010,2024-04-28,136.0,41,1,5700,40,M,24.7
P010,2024-04-29,129.2,41,0,10280,40,M,24.7
P010,2024-04-30,111.2,41,0,6340,40,M,24.7
P010,2024-05-01,122.4,41,0,2620,40,M,24.7
P010,2024-05-02,113.0,41,0,6340,40,M,24.7
P010,2024-05-03,109.1,41,0,7450,40,M,24.7
P010,2024-05-04,121.1,41,1,6140,40,M,24.7
P010,2024-05-05,132.9,41,1,5570,40,M,24.7
P010,2024-05-06,128.0,41,0,5460,40,M,24.7
P010,2024-05-07,118.9,41,0,9640,40,M,24.7
P010,2024-05-08,124.5,41,0,5750,40,M,24.7
P010,2024-05-09,123.0,41,0,8230,40,M,24.7
P010,2024-05-10,100.8,41,0,6430,40,M,24.7
P010,2024-05-11,105.6,41,1,3290,40,M,24.7
P010,2024-05-12,135.7,41,1,8000,40,M,24.7
P010,2024-05-13,113.9,41,0,2430,40,M,24.7
P010,2024-05-14,121.9,41,0,5420,40,M,24.7
P010,2024-05-15,113.6,41,0,7730,40,M,24.7
P010,2024-05-16,105.3,41,0,6310,40,M,24.7
P010,2024-05-17,126.0,41,0,8310,40,M,24.7
P010,2024-05-18,135.6,41,1,5270,40,M,24.7
P011,2024-02-12,114.4,45,0,10890,24,M,28.4
P011,2024-02-13,120.1,45,0,8720,24,M,28.4
P011,2024-02-14,129.8,45,0,6610,24,M,28.4
P011,2024-02-15,125.2,45,0,6650,24,M,28.4
P011,2024-02-16,114.5,47,0,7620,24,M,28.4
P011,2024-02-17,130.9,47,1,8960,24,M,28.4
P011,2024-02-18,127.0,47,1,7060,24,M,28.4
P011,2024-02-19,133.1,47,0,7860,24,M,28.4
P011,2024-02-20,116.1,47,0,6580,24,M,28.4
P011,2024-02-21,106.3,47,0,9550,24,M,28.4
P011,2024-02-22,105.2,47,0,8480,24,M,28.4
P011,2024-02-23,112.1,47,0,7870,24,M,28.4
P011,2024-02-24,130.7,47,1,6650,24,M,28.4
P011,2024-02-25,139.7,47,1,9500,24,M,28.4
P011,2024-02-26,134.0,47,0,7670,24,M,28.4
P011,2024-02-27,126.3,47,0,11000,24,M,28.4
P011,2024-02-28,110.8,47,0,10200,24,M,28.4
P011,2024-02-29,97.0,47,0,8050,24,M,28.4
P011,2024-03-01,107.8,47,0,9550,24,M,28.4
P011,2024-03-02,127.3,47,1,6240,24,M,28.4
P011,2024-03-03,130.0,47,1,4970,24,M,28.4
P011,2024-03-04,127.7,47,0,7480,24,M,28.4
P011,2024-03-05,118.9,47,0,6330,24,M,28.4
P011,2024-03-06,131.0,47,0,8880,24,M,28.4
P011,2024-03-07,122.6,47,0,7990,24,M,28.4
P011,2024-03-08,111.5,47,0,8980,24,M,28.4
P011,2024-03-09,119.5,47,1,7950,24,M,28.4
P011,2024-03-10,112.4,47,1,840,24,M,28.4
P011,2024-03-11,106.0,47,0,8520,24,M,28.4
P011,2024-03-12,103.1,47,0,4720,24,M,28.4
P011,2024-03-13,123.4,47,0,8260,24,M,28.4
P011,2024-03-14,133.1,47,0,6380,24,M,28.4
P011,2024-03-15,131.2,47,0,8150,24,M,28.4
P011,2024-03-16,137.1,47,1,8920,24,M,28.4
P011,2024-03-17,126.1,47,1,3390,24,M,28.4
P011,2024-03-18,134.4,47,0,8300,24,M,28.4
P011,2024-03-19,126.6,47,0,7820,24,M,28.4
P011,2024-03-20,120.9,47,0,4550,24,M,28.4
P011,2024-03-21,133.5,47,0,9130,24,M,28.4
P011,2024-03-22,126.8,47,0,8020,24,M,28.4
P011,2024-03-23,124.7,47,1,5540,24,M,28.4
P011,2024-03-24,139.3,47,1,5160,24,M,28.4
P011,2024-03-25,126.5,47,0,13740,24,M,28.4
P011,2024-03-26,105.0,47,0,7250,24,M,28.4
P011,2024-03-27,114.7,47,0,4720,24,M,28.4
P011,2024-03-28,134.6,47,0,6280,24,M,28.4
P011,2024-03-29,138.4,47,0,7300,24,M,28.4
P011,2024-03-30,156.4,47,1,5770,24,M,28.4
P011,2024-03-31,138.9,47,1,6320,24,M,28.4
P011,2024-04-01,110.9,51,0,6080,24,M,28.4
P011,2024-04-02,118.6,51,0,8930,24,M,28.4
P011,2024-04-03,100.2,51,0,7090,24,M,28.4
P011,2024-04-04,100.2,51,0,5510,24,M,28.4
P011,2024-04-05,92.7,51,0,6490,24,M,28.4
P011,2024-04-06,127.7,51,1,5770,24,M,28.4
P011,2024-04-07,137.0,51,1,7990,24,M,28.4
P011,2024-04-08,118.7,51,0,8830,24,M,28.4
P011,2024-04-09,115.7,51,0,7350,24,M,28.4
P011,2024-04-10,113.1,51,0,8000,24,M,28.4
P011,2024-04-11,111.4,49,0,8350,24,M,28.4
P011,2024-04-12,117.6,49,0,11630,24,M,28.4
P011,2024-04-13,119.0,49,1,5350,24,M,28.4
P011,2024-04-14,143.8,49,1,7300,24,M,28.4
P011,2024-04-15,119.8,49,0,9270,24,M,28.4
P011,2024-04-16,109.4,49,0,6240,24,M,28.4
P011,2024-04-17,129.1,49,0,8300,24,M,28.4
P011,2024-04-18,121.7,49,0,8250,24,M,28.4
P011,2024-04-19,125.4,49,0,7110,24,M,28.4
P011,2024-04-20,135.9,49,1,7480,24,M,28.4
P011,2024-04-21,116.8,49,1,8310,24,M,28.4
P011,2024-04-22,112.2,49,0,9990,24,M,28.4
P011,2024-04-23,100.0,49,0,7610,24,M,28.4
P011,2024-04-24,118.5,49,0,8300,24,M,28.4
P011,2024-04-25,103.8,49,0,12190,24,M,28.4
P011,2024-04-26,85.1,49,0,5970,24,M,28.4
P011,2024-04-27,121.9,49,1,6860,24,M,28.4
P011,2024-04-28,126.9,49,1,8060,24,M,28.4
P011,2024-04-29,111.6,49,0,8230,24,M,28.4
P011,2024-04-30,101.1,49,0,9140,24,M,28.4
P011,2024-05-01,109.8,49,0,8270,24,M,28.4
P011,2024-05-02,98.8,49,0,9320,24,M,28.4
P011,2024-05-03,97.0,49,0,10270,24,M,28.4
P011,2024-05-04,106.8,49,1,6060,24,M,28.4
P011,2024-05-05,117.2,49,1,6820,24,M,28.4
P011,2024-05-06,112.9,49,0,7860,24,M,28.4
P011,2024-05-07,106.0,49,0,7230,24,M,28.4
P011,2024-05-08,114.3,49,0,7920,24,M,28.4
P011,2024-05-09,118.6,49,0,5920,24,M,28.4
P011,2024-05-10,107.2,49,0,9300,24,M,28.4
P011,2024-05-11,110.0,49,1,9520,24,M,28.4
P011,2024-05-12,113.6,49,1,9530,24,M,28.4
P011,2024-05-13,100.8,49,0,10260,24,M,28.4
P011,2024-05-14,107.6,49,0,6220,24,M,28.4
P011,2024-05-15,103.0,49,0,10700,24,M,28.4
P011,2024-05-16,107.9,49,0,6670,24,M,28.4
P011,2024-05-17,124.7,49,0,7860,24,M,28.4
P011,2024-05-18,134.2,49,1,9780,24,M,28.4
P011,2024-05-19,119.4,49,1,4530,24,M,28.4
P011,2024-05-20,120.3,49,0,9470,24,M,28.4
P011,2024-05-21,108.5,49,0,8470,24,M,28.4
P011,2024-05-22,117.9,49,0,7690,24,M,28.4
P011,2024-05-23,118.3,49,0,6380,24,M,28.4
P011,2024-05-24,126.3,49,0,8720,24,M,28.4
P011,2024-05-25,129.1,49,1,5630,24,M,28.4
P011,2024-05-26,146.0,49,1,8340,24,M,28.4
P011,2024-05-27,102.5,49,0,10160,24,M,28.4
P011,2024-05-28,94.4,49,0,5480,24,M,28.4
P011,2024-05-29,112.7,49,0,7050,24,M,28.4
P011,2024-05-30,98.6,49,0,7390,24,M,28.4
P011,2024-05-31,109.1,49,0,5830,24,M,28.4
P011,2024-06-01,117.2,49,1,4450,24,M,28.4
P011,2024-06-02,124.9,49,1,6620,24,M,28.4
P011,2024-06-03,101.6,49,0,7590,24,M,28.4
P011,2024-06-04,100.5,49,0,4990,24,M,28.4
P011,2024-06-05,111.4,49,0,6990,24,M,28.4
P011,2024-06-06,108.9,49,0,8890,24,M,28.4
P011,2024-06-07,104.1,49,0,5790,24,M,28.4
P011,2024-06-08,144.4,49,1,4800,24,M,28.4
P011,2024-06-09,141.7,49,1,9320,24,M,28.4
P011,2024-06-10,108.5,49,0,10330,24,M,28.4
P011,2024-06-11,116.0,49,0,5040,24,M,28.4
P011,2024-06-12,131.9,49,0,5530,24,M,28.4
P011,2024-06-13,137.6,49,0,8640,24,M,28.4
P011,2024-06-14,140.3,49,0,5820,24,M,28.4
P011,2024-06-15,143.7,49,1,6000,24,M,28.4
P011,2024-06-16,149.7,49,1,5650,24,M,28.4
P011,2024-06-17,140.9,49,0,8970,24,M,28.4
P011,2024-06-18,127.9,49,0,3410,24,M,28.4
P011,2024-06-19,136.9,49,0,4000,24,M,28.4
P011,2024-06-20,108.3,49,0,5750,24,M,28.4
P011,2024-06-21,107.5,49,0,9780,24,M,28.4
P011,2024-06-22,133.6,49,1,6180,24,M,28.4
P011,2024-06-23,123.9,49,1,3390,24,M,28.4
P011,2024-06-24,114.9,49,0,8850,24,M,28.4
P011,2024-06-25,109.8,49,0,9230,24,M,28.4
P011,2024-06-26,114.3,49,0,7520,24,M,28.4
P011,2024-06-27,129.0,49,0,7370,24,M,28.4
P011,2024-06-28,108.5,49,0,8750,24,M,28.4
P011,2024-06-29,121.4,49,1,8640,24,M,28.4
P011,2024-06-30,128.9,49,1,6730,24,M,28.4
P012,2024-02-07,143.9,46,0,5490,70,M,25.7
P012,2024-02-08,157.6,46,0,3380,70,M,25.7
P012,2024-02-09,163.1,46,0,3830,70,M,25.7
P012,2024-02-10,175.7,46,1,5420,70,M,25.7
P012,2024-02-11,168.0,46,1,3040,70,M,25.7
P012,2024-02-12,160.4,46,0,5280,70,M,25.7
P012,2024-02-13,164.1,46,0,6380,70,M,25.7
P012,2024-02-14,140.8,46,0,5430,70,M,25.7
P012,2024-02-15,145.5,46,0,2450,70,M,25.7
P012,2024-02-16,150.6,46,0,6350,70,M,25.7
P012,2024-02-17,157.0,46,1,5390,70,M,25.7
P012,2024-02-18,145.2,46,1,5260,70,M,25.7
P012,2024-02-19,144.5,46,0,8110,70,M,25.7
P012,2024-02-20,133.6,46,0,5860,70,M,25.7
P012,2024-02-21,139.4,46,0,6600,70,M,25.7
P012,2024-02-22,136.1,46,0,8060,70,M,25.7
P012,2024-02-23,122.3,46,0,4680,70,M,25.7
P012,2024-02-24,146.0,46,1,6830,70,M,25.7
P012,2024-02-25,132.0,46,1,6820,70,M,25.7
P012,2024-02-26,119.1,46,0,6610,70,M,25.7
P012,2024-02-27,125.1,46,0,8510,70,M,25.7
P012,2024-02-28,127.1,46,0,6730,70,M,25.7
P012,2024-02-29,134.6,46,0,3610,70,M,25.7
P012,2024-03-01,141.8,46,0,7250,70,M,25.7
P012,2024-03-02,167.5,46,1,4290,70,M,25.7
P012,2024-03-03,171.5,46,1,4440,70,M,25.7
P012,2024-03-04,143.2,46,0,5480,70,M,25.7
P012,2024-03-05,140.1,44,0,7650,70,M,25.7
P012,2024-03-06,134.0,44,0,6190,70,M,25.7
P012,2024-03-07,140.1,44,0,3950,70,M,25.7
P012,2024-03-08,143.6,44,0,6070,70,M,25.7
P012,2024-03-09,151.1,44,1,5010,70,M,25.7
P012,2024-03-10,172.3,44,1,2390,70,M,25.7
P012,2024-03-11,162.4,44,0,4420,70,M,25.7
P012,2024-03-12,154.9,44,0,4510,70,M,25.7
P012,2024-03-13,153.5,44,0,4110,70,M,25.7
P012,2024-03-14,151.7,46,0,5830,70,M,25.7
P012,2024-03-15,160.8,46,0,7030,70,M,25.7
P012,2024-03-16,172.5,46,1,7110,70,M,25.7
P012,2024-03-17,177.4,46,1,5850,70,M,25.7
P012,2024-03-18,134.7,46,0,7040,70,M,25.7
P012,2024-03-19,140.8,46,0,7260,70,M,25.7
P012,2024-03-20,150.9,46,0,7600,70,M,25.7
P012,2024-03-21,163.4,46,0,4520,70,M,25.7
P012,2024-03-22,161.5,46,0,6450,70,M,25.7
P012,2024-03-23,152.3,46,1,4280,70,M,25.7
P012,2024-03-24,163.1,46,1,3470,70,M,25.7
P012,2024-03-25,144.8,46,0,4380,70,M,25.7
P012,2024-03-26,129.5,46,0,4290,70,M,25.7
P012,2024-03-27,130.8,46,0,4720,70,M,25.7
P012,2024-03-28,143.8,46,0,2980,70,M,25.7
P012,2024-03-29,156.8,46,0,6140,70,M,25.7
P012,2024-03-30,166.3,46,1,3660,70,M,25.7
P012,2024-03-31,158.4,46,1,3890,70,M,25.7
P012,2024-04-01,164.9,46,0,5810,70,M,25.7
P012,2024-04-02,144.5,46,0,6500,70,M,25.7
P012,2024-04-03,142.2,46,0,4130,70,M,25.7
P012,2024-04-04,135.9,46,0,5010,70,M,25.7
P012,2024-04-05,150.1,46,0,2300,70,M,25.7
P012,2024-04-06,172.5,46,1,500,70,M,25.7
P012,2024-04-07,181.9,46,1,500,70,M,25.7
P012,2024-04-08,165.4,46,0,7970,70,M,25.7
P012,2024-04-09,148.1,46,0,1910,70,M,25.7
P012,2024-04-10,158.8,48,0,6050,70,M,25.7
P012,2024-04-11,134.8,48,0,7860,70,M,25.7
P012,2024-04-12,144.9,48,0,4380,70,M,25.7
P012,2024-04-13,173.5,48,1,6630,70,M,25.7
P012,2024-04-14,163.1,48,1,7030,70,M,25.7
P012,2024-04-15,147.7,48,0,6900,70,M,25.7
P012,2024-04-16,149.9,48,0,9470,70,M,25.7
P012,2024-04-17,155.8,48,0,6320,70,M,25.7
P012,2024-04-18,159.2,48,0,3890,70,M,25.7
P012,2024-04-19,158.8,48,0,6140,70,M,25.7
P012,2024-04-20,160.4,48,1,2910,70,M,25.7
P012,2024-04-21,153.6,48,1,1360,70,M,25.7
P012,2024-04-22,141.6,48,0,2910,70,M,25.7
P012,2024-04-23,142.8,48,0,9370,70,M,25.7
P012,2024-04-24,129.5,48,0,4230,70,M,25.7
P012,2024-04-25,141.8,48,0,5170,70,M,25.7
P012,2024-04-26,146.3,48,0,4020,70,M,25.7
P012,2024-04-27,163.8,48,1,3960,70,M,25.7
P012,2024-04-28,163.3,48,1,3290,70,M,25.7
P012,2024-04-29,153.4,48,0,4480,70,M,25.7
P012,2024-04-30,149.0,48,0,3040,70,M,25.7
P012,2024-05-01,149.2,48,0,2680,70,M,25.7
P012,2024-05-02,152.6,48,0,3880,70,M,25.7
P012,2024-05-03,134.6,48,0,5750,70,M,25.7
P012,2024-05-04,159.7,48,1,7460,70,M,25.7
P012,2024-05-05,145.3,48,1,5620,70,M,25.7
P012,2024-05-06,141.5,52,0,8510,70,M,25.7
P012,2024-05-07,136.1,52,0,6100,70,M,25.7
P012,2024-05-08,150.3,52,0,5070,70,M,25.7
P012,2024-05-09,149.8,52,0,2840,70,M,25.7
P012,2024-05-10,145.2,52,0,5230,70,M,25.7
P012,2024-05-11,165.4,52,1,500,70,M,25.7
P012,2024-05-12,174.4,52,1,3190,70,M,25.7
P012,2024-05-13,154.4,52,0,8160,70,M,25.7
P012,2024-05-14,143.7,52,0,5820,70,M,25.7
P012,2024-05-15,155.1,52,0,7260,70,M,25.7
P012,2024-05-16,154.6,52,0,4550,70,M,25.7
P012,2024-05-17,156.5,52,0,2760,70,M,25.7
P012,2024-05-18,157.3,52,1,2870,70,M,25.7
P012,2024-05-19,155.8,52,1,3020,70,M,25.7
P012,2024-05-20,144.4,52,0,7410,70,M,25.7
P012,2024-05-21,150.4,52,0,8790,70,M,25.7
P012,2024-05-22,144.8,52,0,3910,70,M,25.7
P012,2024-05-23,148.6,52,0,4590,70,M,25.7
P012,2024-05-24,153.6,52,0,4980,70,M,25.7
P012,2024-05-25,159.9,52,1,3110,70,M,25.7
P012,2024-05-26,159.9,52,1,1500,70,M,25.7
P012,2024-05-27,148.3,52,0,5410,70,M,25.7
P012,2024-05-28,126.6,52,0,5900,70,M,25.7
P012,2024-05-29,137.0,52,0,5940,70,M,25.7
P012,2024-05-30,139.6,52,0,3070,70,M,25.7
P012,2024-05-31,141.5,52,0,5040,70,M,25.7
P013,2024-01-30,115.2,39,0,7670,31,F,32.0
P013,2024-01-31,110.4,39,0,7980,31,F,32.0
P013,2024-02-01,119.0,39,0,5780,31,F,32.0
P013,2024-02-02,130.3,39,0,6150,31,F,32.0
P013,2024-02-03,138.8,39,1,4500,31,F,32.0
P013,2024-02-04,145.4,39,1,6350,31,F,32.0
P013,2024-02-05,116.3,39,0,8880,31,F,32.0
P013,2024-02-06,114.8,39,0,9470,31,F,32.0
P013,2024-02-07,125.1,39,0,6630,31,F,32.0
P013,2024-02-08,143.4,39,0,7680,31,F,32.0
P013,2024-02-09,134.2,39,0,4620,31,F,32.0
P013,2024-02-10,148.9,39,1,2040,31,F,32.0
P013,2024-02-11,156.1,39,1,4470,31,F,32.0
P013,2024-02-12,143.3,39,0,6330,31,F,32.0
P013,2024-02-13,137.8,39,0,4740,31,F,32.0
P013,2024-02-14,129.6,39,0,4330,31,F,32.0
P013,2024-02-15,132.0,39,0,8480,31,F,32.0
P013,2024-02-16,129.1,39,0,6080,31,F,32.0
P013,2024-02-17,137.5,39,1,3000,31,F,32.0
P013,2024-02-18,132.2,39,1,10190,31,F,32.0
P013,2024-02-19,111.5,39,0,7830,31,F,32.0
P013,2024-02-20,119.6,39,0,6940,31,F,32.0
P013,2024-02-21,128.3,39,0,8730,31,F,32.0
P013,2024-02-22,122.0,39,0,6150,31,F,32.0
P013,2024-02-23,119.9,39,0,10360,31,F,32.0
P013,2024-02-24,123.0,39,1,3250,31,F,32.0
P013,2024-02-25,131.5,39,1,3660,31,F,32.0
P013,2024-02-26,114.2,39,0,7260,31,F,32.0
P013,2024-02-27,109.1,39,0,6130,31,F,32.0
P013,2024-02-28,113.7,39,0,10030,31,F,32.0
P013,2024-02-29,120.4,39,0,4620,31,F,32.0
P013,2024-03-01,121.7,39,0,6190,31,F,32.0
P013,2024-03-02,136.7,39,1,6420,31,F,32.0
P013,2024-03-03,134.7,39,1,7000,31,F,32.0
P013,2024-03-04,135.3,39,0,9290,31,F,32.0
P013,2024-03-05,130.6,39,0,8110,31,F,32.0
P013,2024-03-06,127.9,39,0,11440,31,F,32.0
P013,2024-03-07,127.7,39,0,6640,31,F,32.0
P013,2024-03-08,135.0,39,0,7800,31,F,32.0
P013,2024-03-09,140.8,39,1,7520,31,F,32.0
P013,2024-03-10,153.5,39,1,5420,31,F,32.0
P013,2024-03-11,144.1,39,0,6960,31,F,32.0
P013,2024-03-12,149.0,39,0,6650,31,F,32.0
P013,2024-03-13,149.4,39,0,6320,31,F,32.0
P013,2024-03-14,146.4,39,0,5450,31,F,32.0
P013,2024-03-15,140.4,39,0,6480,31,F,32.0
P013,2024-03-16,137.6,39,1,3200,31,F,32.0
P013,2024-03-17,149.3,39,1,6660,31,F,32.0
P013,2024-03-18,126.0,39,0,4620,31,F,32.0
P013,2024-03-19,133.2,39,0,11170,31,F,32.0
P013,2024-03-20,116.5,39,0,10520,31,F,32.0
P013,2024-03-21,110.1,39,0,9450,31,F,32.0
P013,2024-03-22,105.1,39,0,7090,31,F,32.0
P013,2024-03-23,133.3,39,1,4910,31,F,32.0
P013,2024-03-24,148.3,39,1,8160,31,F,32.0
P013,2024-03-25,121.8,39,0,7790,31,F,32.0
P013,2024-03-26,125.3,39,0,8470,31,F,32.0
P013,2024-03-27,133.4,39,0,6170,31,F,32.0
P013,2024-03-28,126.4,39,0,9370,31,F,32.0
P013,2024-03-29,117.5,39,0,6030,31,F,32.0
P013,2024-03-30,130.9,39,1,6150,31,F,32.0
P013,2024-03-31,145.0,39,1,2850,31,F,32.0
P013,2024-04-01,139.3,39,0,6280,31,F,32.0
P013,2024-04-02,128.0,39,0,8350,31,F,32.0
P013,2024-04-03,111.9,39,0,6650,31,F,32.0
P013,2024-04-04,120.0,39,0,6650,31,F,32.0
P013,2024-04-05,132.3,39,0,8870,31,F,32.0
P013,2024-04-06,138.9,39,1,5820,31,F,32.0
P013,2024-04-07,142.1,39,1,8180,31,F,32.0
P013,2024-04-08,129.9,39,0,3120,31,F,32.0
P013,2024-04-09,128.7,39,0,8470,31,F,32.0
P013,2024-04-10,121.1,39,0,8360,31,F,32.0
P013,2024-04-11,127.1,39,0,4680,31,F,32.0
P013,2024-04-12,126.5,39,0,5120,31,F,32.0
P013,2024-04-13,134.0,39,1,7520,31,F,32.0
P013,2024-04-14,134.0,39,1,4030,31,F,32.0
P013,2024-04-15,126.7,39,0,6310,31,F,32.0
P013,2024-04-16,120.5,39,0,8520,31,F,32.0
P013,2024-04-17,118.3,39,0,6850,31,F,32.0
P013,2024-04-18,122.8,39,0,8300,31,F,32.0
P013,2024-04-19,111.4,39,0,5890,31,F,32.0
P013,2024-04-20,127.1,39,1,6480,31,F,32.0
P013,2024-04-21,133.0,39,1,7890,31,F,32.0
P013,2024-04-22,125.8,39,0,8030,31,F,32.0
P013,2024-04-23,133.4,39,0,3510,31,F,32.0
P013,2024-04-24,130.0,39,0,8610,31,F,32.0
P013,2024-04-25,128.1,39,0,7550,31,F,32.0
P013,2024-04-26,133.0,39,0,5820,31,F,32.0
P013,2024-04-27,146.2,39,1,8440,31,F,32.0
P013,2024-04-28,143.1,39,1,2820,31,F,32.0
P013,2024-04-29,144.7,39,0,10800,31,F,32.0
P013,2024-04-30,139.4,39,0,6310,31,F,32.0
P013,2024-05-01,132.6,39,0,10270,31,F,32.0
P013,2024-05-02,128.6,39,0,7360,31,F,32.0
P013,2024-05-03,131.2,39,0,5060,31,F,32.0
P013,2024-05-04,147.5,39,1,6110,31,F,32.0
P013,2024-05-05,154.8,39,1,6540,31,F,32.0
P013,2024-05-06,142.9,39,0,8410,31,F,32.0
P013,2024-05-07,126.3,39,0,9340,31,F,32.0
P013,2024-05-08,122.3,39,0,5830,31,F,32.0
P013,2024-05-09,131.8,39,0,8330,31,F,32.0
P013,2024-05-10,114.9,39,0,8760,31,F,32.0
P013,2024-05-11,138.6,39,1,5460,31,F,32.0
P013,2024-05-12,143.6,39,1,4260,31,F,32.0
P013,2024-05-13,132.5,39,0,5730,31,F,32.0
P013,2024-05-14,130.8,39,0,8790,31,F,32.0
P013,2024-05-15,136.6,39,0,8870,31,F,32.0
P013,2024-05-16,129.3,39,0,5960,31,F,32.0
P013,2024-05-17,127.3,39,0,5040,31,F,32.0
P013,2024-05-18,154.9,39,1,8160,31,F,32.0
P013,2024-05-19,137.8,39,1,3160,31,F,32.0
P013,2024-05-20,127.0,39,0,7730,31,F,32.0
P013,2024-05-21,107.0,39,0,6000,31,F,32.0
P013,2024-05-22,123.7,39,0,4300,31,F,32.0
P013,2024-05-23,128.8,39,0,7660,31,F,32.0
P013,2024-05-24,125.0,39,0,7100,31,F,32.0
P013,2024-05-25,139.8,39,1,8520,31,F,32.0
P013,2024-05-26,134.8,39,1,10010,31,F,32.0
P013,2024-05-27,111.8,39,0,7100,31,F,32.0
P013,2024-05-28,114.5,39,0,9280,31,F,32.0
P013,2024-05-29,118.3,39,0,9310,31,F,32.0
P013,2024-05-30,121.1,39,0,6500,31,F,32.0
P013,2024-05-31,140.8,39,0,5890,31,F,32.0
P013,2024-06-01,145.8,39,1,8820,31,F,32.0
P013,2024-06-02,136.2,39,1,5290,31,F,32.0
P013,2024-06-03,123.0,39,0,7390,31,F,32.0
P013,2024-06-04,134.0,39,0,6920,31,F,32.0
P013,2024-06-05,123.4,39,0,7200,31,F,32.0
P013,2024-06-06,131.7,39,0,6360,31,F,32.0
P013,2024-06-07,143.7,39,0,8780,31,F,32.0
P013,2024-06-08,146.3,39,1,8190,31,F,32.0
P013,2024-06-09,150.0,39,1,5270,31,F,32.0
P013,2024-06-10,120.4,39,0,4970,31,F,32.0
P013,2024-06-11,121.4,39,0,7530,31,F,32.0
P013,2024-06-12,106.1,39,0,4770,31,F,32.0
P013,2024-06-13,119.5,39,0,6290,31,F,32.0
P013,2024-06-14,119.5,39,0,9640,31,F,32.0
P013,2024-06-15,122.1,39,1,10100,31,F,32.0
P013,2024-06-16,131.6,39,1,6610,31,F,32.0
P013,2024-06-17,126.0,39,0,5530,31,F,32.0
P013,2024-06-18,121.8,39,0,8840,31,F,32.0
P013,2024-06-19,111.5,39,0,3420,31,F,32.0
P013,2024-06-20,112.5,39,0,6190,31,F,32.0
P013,2024-06-21,111.4,39,0,10170,31,F,32.0
P013,2024-06-22,138.6,39,1,7270,31,F,32.0
P013,2024-06-23,134.9,39,1,3470,31,F,32.0
P013,2024-06-24,132.2,39,0,4460,31,F,32.0
P013,2024-06-25,125.2,39,0,8970,31,F,32.0
P013,2024-06-26,124.2,39,0,7350,31,F,32.0
P013,2024-06-27,129.9,39,0,6380,31,F,32.0
P013,2024-06-28,128.4,39,0,8180,31,F,32.0
P013,2024-06-29,124.9,39,1,4910,31,F,32.0
P013,2024-06-30,133.5,39,1,2500,31,F,32.0
P013,2024-07-01,139.5,39,0,8890,31,F,32.0
P014,2024-01-15,139.8,37,0,3960,72,F,27.5
P014,2024-01-16,160.0,37,0,5010,72,F,27.5
P014,2024-01-17,144.6,37,0,7500,72,F,27.5
P014,2024-01-18,137.1,37,0,5990,72,F,27.5
P014,2024-01-19,137.9,37,0,4280,72,F,27.5
P014,2024-01-20,155.7,37,1,2320,72,F,27.5
P014,2024-01-21,156.7,37,1,2780,72,F,27.5
P014,2024-01-22,142.7,37,0,6070,72,F,27.5
P014,2024-01-23,140.3,37,0,8350,72,F,27.5
P014,2024-01-24,134.9,37,0,3130,72,F,27.5
P014,2024-01-25,153.3,37,0,5020,72,F,27.5
P014,2024-01-26,148.1,37,0,4330,72,F,27.5
P014,2024-01-27,162.8,37,1,2170,72,F,27.5
P014,2024-01-28,177.9,37,1,4230,72,F,27.5
P014,2024-01-29,156.7,37,0,6000,72,F,27.5
P014,2024-01-30,149.6,37,0,2490,72,F,27.5
P014,2024-01-31,152.7,37,0,3170,72,F,27.5
P014,2024-02-01,149.3,37,0,7150,72,F,27.5
P014,2024-02-02,143.8,37,0,5580,72,F,27.5
P014,2024-02-03,151.4,37,1,4450,72,F,27.5
P014,2024-02-04,163.0,37,1,2620,72,F,27.5
P014,2024-02-05,161.6,37,0,4340,72,F,27.5
P014,2024-02-06,160.3,37,0,5840,72,F,27.5
P014,2024-02-07,145.8,37,0,4130,72,F,27.5
P014,2024-02-08,133.9,37,0,3040,72,F,27.5
P014,2024-02-09,136.2,37,0,5020,72,F,27.5
P014,2024-02-10,151.4,37,1,5130,72,F,27.5
P014,2024-02-11,159.9,37,1,1680,72,F,27.5
P014,2024-02-12,150.6,37,0,6900,72,F,27.5
P014,2024-02-13,138.3,37,0,6270,72,F,27.5
P014,2024-02-14,153.2,37,0,3480,72,F,27.5
P014,2024-02-15,150.2,37,0,5030,72,F,27.5
P014,2024-02-16,155.9,37,0,4940,72,F,27.5
P014,2024-02-17,174.4,37,1,4650,72,F,27.5
P014,2024-02-18,160.4,37,1,4710,72,F,27.5
P014,2024-02-19,150.2,37,0,2700,72,F,27.5
P014,2024-02-20,150.1,37,0,2620,72,F,27.5
P014,2024-02-21,144.7,37,0,6850,72,F,27.5
P014,2024-02-22,125.7,37,0,5220,72,F,27.5
P014,2024-02-23,124.6,37,0,5760,72,F,27.5
P014,2024-02-24,150.2,37,1,4110,72,F,27.5
P014,2024-02-25,154.4,37,1,6250,72,F,27.5
P014,2024-02-26,141.4,37,0,2870,72,F,27.5
P014,2024-02-27,136.1,41,0,6960,72,F,27.5
P014,2024-02-28,128.7,41,0,3560,72,F,27.5
P014,2024-02-29,135.8,41,0,6320,72,F,27.5
P014,2024-03-01,120.2,41,0,7410,72,F,27.5
P014,2024-03-02,124.6,41,1,1050,72,F,27.5
P014,2024-03-03,149.0,41,1,4240,72,F,27.5
P014,2024-03-04,133.2,41,0,4520,72,F,27.5
P014,2024-03-05,126.7,41,0,4500,72,F,27.5
P014,2024-03-06,129.7,41,0,5090,72,F,27.5
P014,2024-03-07,136.3,41,0,3150,72,F,27.5
P014,2024-03-08,154.1,41,0,3300,72,F,27.5
P014,2024-03-09,155.1,41,1,4690,72,F,27.5
P014,2024-03-10,156.8,41,1,5020,72,F,27.5
P014,2024-03-11,156.9,41,0,4010,72,F,27.5
P014,2024-03-12,152.1,41,0,2430,72,F,27.5
P014,2024-03-13,162.6,41,0,9140,72,F,27.5
P014,2024-03-14,122.3,41,0,6980,72,F,27.5
P014,2024-03-15,142.5,41,0,5660,72,F,27.5
P014,2024-03-16,157.7,41,1,1690,72,F,27.5
P014,2024-03-17,150.5,41,1,2480,72,F,27.5
P014,2024-03-18,147.0,41,0,5450,72,F,27.5
P014,2024-03-19,150.6,41,0,3310,72,F,27.5
P014,2024-03-20,162.0,41,0,7870,72,F,27.5
P014,2024-03-21,157.2,41,0,5260,72,F,27.5
P014,2024-03-22,155.3,41,0,5720,72,F,27.5
P014,2024-03-23,158.3,41,1,1690,72,F,27.5
P014,2024-03-24,162.4,41,1,1910,72,F,27.5
P014,2024-03-25,148.6,41,0,3620,72,F,27.5
P014,2024-03-26,148.7,41,0,5510,72,F,27.5
P014,2024-03-27,139.6,41,0,4550,72,F,27.5
P014,2024-03-28,142.1,41,0,4510,72,F,27.5
P014,2024-03-29,148.6,41,0,5580,72,F,27.5
P014,2024-03-30,159.5,41,1,3920,72,F,27.5
P014,2024-03-31,177.3,41,1,6150,72,F,27.5
P014,2024-04-01,166.0,41,0,4670,72,F,27.5
P014,2024-04-02,147.1,41,0,3220,72,F,27.5
P014,2024-04-03,141.2,41,0,5000,72,F,27.5
P014,2024-04-04,126.4,41,0,7620,72,F,27.5
P014,2024-04-05,115.5,41,0,4040,72,F,27.5
P014,2024-04-06,146.7,41,1,3610,72,F,27.5
P014,2024-04-07,141.6,41,1,2880,72,F,27.5
P014,2024-04-08,125.3,41,0,5740,72,F,27.5
P014,2024-04-09,123.7,41,0,5470,72,F,27.5
P014,2024-04-10,135.5,41,0,3580,72,F,27.5
P014,2024-04-11,137.4,41,0,4610,72,F,27.5
P014,2024-04-12,134.6,41,0,6690,72,F,27.5
P014,2024-04-13,154.5,41,1,5460,72,F,27.5
P014,2024-04-14,159.9,41,1,5150,72,F,27.5
P014,2024-04-15,148.6,41,0,6550,72,F,27.5
P014,2024-04-16,151.2,41,0,4430,72,F,27.5
P014,2024-04-17,143.7,41,0,4380,72,F,27.5
P014,2024-04-18,146.6,41,0,6670,72,F,27.5
P014,2024-04-19,137.2,41,0,2940,72,F,27.5
P014,2024-04-20,168.8,41,1,3420,72,F,27.5
P014,2024-04-21,172.3,41,1,500,72,F,27.5
P014,2024-04-22,152.0,41,0,4350,72,F,27.5
P014,2024-04-23,155.6,41,0,3770,72,F,27.5
P014,2024-04-24,141.3,43,0,2890,72,F,27.5
P014,2024-04-25,153.1,43,0,6050,72,F,27.5
P014,2024-04-26,144.8,43,0,3720,72,F,27.5
P014,2024-04-27,153.4,43,1,2870,72,F,27.5
P014,2024-04-28,146.7,43,1,3060,72,F,27.5
P014,2024-04-29,133.2,43,0,3720,72,F,27.5
P014,2024-04-30,134.2,43,0,7540,72,F,27.5
P014,2024-05-01,120.0,45,0,4150,72,F,27.5
P014,2024-05-02,133.9,45,0,5370,72,F,27.5
P014,2024-05-03,120.0,45,0,2710,72,F,27.5
P014,2024-05-04,143.3,45,1,2680,72,F,27.5
P014,2024-05-05,145.7,45,1,2950,72,F,27.5
P014,2024-05-06,117.9,45,0,4480,72,F,27.5
P014,2024-05-07,124.2,45,0,3990,72,F,27.5
P014,2024-05-08,118.6,45,0,5270,72,F,27.5
P014,2024-05-09,102.7,45,0,7780,72,F,27.5
P014,2024-05-10,104.8,45,0,4790,72,F,27.5
P014,2024-05-11,132.5,45,1,3280,72,F,27.5
P014,2024-05-12,149.6,45,1,2830,72,F,27.5
P014,2024-05-13,134.4,45,0,9510,72,F,27.5
P014,2024-05-14,135.6,45,0,7870,72,F,27.5
P014,2024-05-15,147.8,45,0,6010,72,F,27.5
P014,2024-05-16,154.5,45,0,6270,72,F,27.5
P014,2024-05-17,157.9,45,0,3770,72,F,27.5
P014,2024-05-18,171.9,45,1,3250,72,F,27.5
P014,2024-05-19,162.9,45,1,3890,72,F,27.5
P014,2024-05-20,151.1,45,0,5230,72,F,27.5
P014,2024-05-21,153.0,45,0,3510,72,F,27.5
P014,2024-05-22,153.3,45,0,3650,72,F,27.5
P014,2024-05-23,147.2,45,0,5930,72,F,27.5
P014,2024-05-24,128.3,45,0,5580,72,F,27.5
P014,2024-05-25,151.8,45,1,500,72,F,27.5
P014,2024-05-26,164.3,45,1,3690,72,F,27.5
P014,2024-05-27,131.8,45,0,7270,72,F,27.5
P014,2024-05-28,128.0,45,0,3880,72,F,27.5
P014,2024-05-29,141.2,45,0,5450,72,F,27.5
P014,2024-05-30,135.0,45,0,2460,72,F,27.5
P014,2024-05-31,145.8,45,0,6490,72,F,27.5
P014,2024-06-01,154.1,45,1,1560,72,F,27.5
P014,2024-06-02,147.5,45,1,1310,72,F,27.5
P014,2024-06-03,133.3,45,0,4460,72,F,27.5
P014,2024-06-04,132.7,45,0,9210,72,F,27.5
P014,2024-06-05,130.1,45,0,3950,72,F,27.5
P014,2024-06-06,148.7,45,0,2800,72,F,27.5
P014,2024-06-07,129.9,45,0,5840,72,F,27.5
P014,2024-06-08,140.0,45,1,3930,72,F,27.5
P014,2024-06-09,151.7,45,1,6450,72,F,27.5
P014,2024-06-10,141.8,45,0,2790,72,F,27.5
P014,2024-06-11,158.7,45,0,2210,72,F,27.5
P015,2024-02-04,135.5,37,1,8880,35,F,27.0
P015,2024-02-05,117.8,37,0,6360,35,F,27.0
P015,2024-02-06,140.4,37,0,3680,35,F,27.0
P015,2024-02-07,147.8,37,0,7330,35,F,27.0
P015,2024-02-08,138.9,37,0,7130,35,F,27.0
P015,2024-02-09,125.9,37,0,7400,35,F,27.0
P015,2024-02-10,142.0,37,1,2800,35,F,27.0
P015,2024-02-11,146.1,37,1,7610,35,F,27.0
P015,2024-02-12,122.5,37,0,7070,35,F,27.0
P015,2024-02-13,124.5,37,0,7050,35,F,27.0
P015,2024-02-14,119.7,37,0,4340,35,F,27.0
P015,2024-02-15,130.2,37,0,7950,35,F,27.0
P015,2024-02-16,133.2,37,0,7010,35,F,27.0
P015,2024-02-17,150.3,37,1,7990,35,F,27.0
P015,2024-02-18,142.5,37,1,4890,35,F,27.0
P015,2024-02-19,114.5,37,0,4960,35,F,27.0
P015,2024-02-20,124.6,37,0,7350,35,F,27.0
P015,2024-02-21,125.5,37,0,5520,35,F,27.0
P015,2024-02-22,122.7,37,0,7850,35,F,27.0
P015,2024-02-23,111.8,37,0,5220,35,F,27.0
P015,2024-02-24,135.8,37,1,5400,35,F,27.0
P015,2024-02-25,127.1,37,1,5230,35,F,27.0
P015,2024-02-26,120.6,37,0,7060,35,F,27.0
P015,2024-02-27,107.2,37,0,6220,35,F,27.0
P015,2024-02-28,104.5,37,0,5700,35,F,27.0
P015,2024-02-29,110.3,37,0,7020,35,F,27.0
P015,2024-03-01,99.7,37,0,6110,35,F,27.0
P015,2024-03-02,122.2,37,1,5890,35,F,27.0
P015,2024-03-03,131.1,37,1,5150,35,F,27.0
P015,2024-03-04,110.2,37,0,3190,35,F,27.0
P015,2024-03-05,128.6,35,0,7020,35,F,27.0
P015,2024-03-06,117.5,35,0,9550,35,F,27.0
P015,2024-03-07,119.1,35,0,7650,35,F,27.0
P015,2024-03-08,124.7,35,0,8170,35,F,27.0
P015,2024-03-09,134.0,35,1,6420,35,F,27.0
P015,2024-03-10,134.9,35,1,4800,35,F,27.0
P015,2024-03-11,113.7,35,0,4790,35,F,27.0
P015,2024-03-12,115.1,35,0,8540,35,F,27.0
P015,2024-03-13,107.7,35,0,8970,35,F,27.0
P015,2024-03-14,124.8,35,0,8110,35,F,27.0
P015,2024-03-15,132.3,35,0,7860,35,F,27.0
P015,2024-03-16,132.0,35,1,6310,35,F,27.0
P015,2024-03-17,142.1,35,1,5580,35,F,27.0
P015,2024-03-18,129.0,35,0,7600,35,F,27.0
P015,2024-03-19,119.7,35,0,7150,35,F,27.0
P015,2024-03-20,123.3,35,0,7690,35,F,27.0
P015,2024-03-21,125.9,35,0,5480,35,F,27.0
P015,2024-03-22,121.9,35,0,6030,35,F,27.0
P015,2024-03-23,131.7,35,1,6610,35,F,27.0
P015,2024-03-24,131.7,35,1,5030,35,F,27.0
P015,2024-03-25,112.8,35,0,2920,35,F,27.0
P015,2024-03-26,120.9,35,0,7340,35,F,27.0
P015,2024-03-27,112.5,35,0,3150,35,F,27.0
P015,2024-03-28,116.7,35,0,10450,35,F,27.0
P015,2024-03-29,98.6,35,0,8380,35,F,27.0
P015,2024-03-30,123.6,35,1,6790,35,F,27.0
P015,2024-03-31,135.5,35,1,4470,35,F,27.0
P015,2024-04-01,127.7,35,0,5170,35,F,27.0
P015,2024-04-02,118.8,35,0,6760,35,F,27.0
P015,2024-04-03,123.6,35,0,7160,35,F,27.0
P015,2024-04-04,123.7,35,0,5790,35,F,27.0
P015,2024-04-05,130.5,35,0,7400,35,F,27.0
P015,2024-04-06,148.4,35,1,6820,35,F,27.0
P015,2024-04-07,138.7,35,1,6670,35,F,27.0
P015,2024-04-08,124.4,35,0,5330,35,F,27.0
P015,2024-04-09,123.4,35,0,3380,35,F,27.0
P015,2024-04-10,123.1,35,0,7140,35,F,27.0
P015,2024-04-11,134.6,35,0,5990,35,F,27.0
P015,2024-04-12,140.2,35,0,7910,35,F,27.0
P015,2024-04-13,131.9,35,1,8470,35,F,27.0
P015,2024-04-14,135.8,35,1,8470,35,F,27.0
P015,2024-04-15,117.1,35,0,7630,35,F,27.0
P015,2024-04-16,128.3,35,0,9050,35,F,27.0
P015,2024-04-17,122.8,35,0,9980,35,F,27.0
P015,2024-04-18,116.9,35,0,7220,35,F,27.0
P015,2024-04-19,122.0,35,0,7610,35,F,27.0
P015,2024-04-20,136.3,35,1,7110,35,F,27.0
P015,2024-04-21,134.9,35,1,5580,35,F,27.0
P015,2024-04-22,120.4,35,0,6280,35,F,27.0
P015,2024-04-23,117.2,35,0,5850,35,F,27.0
P015,2024-04-24,121.8,35,0,7150,35,F,27.0
P015,2024-04-25,109.0,35,0,6070,35,F,27.0
P015,2024-04-26,113.6,35,0,8520,35,F,27.0
P015,2024-04-27,123.3,35,1,5070,35,F,27.0
P015,2024-04-28,128.1,35,1,8170,35,F,27.0
P015,2024-04-29,116.1,35,0,9230,35,F,27.0
P015,2024-04-30,104.1,35,0,5020,35,F,27.0
P015,2024-05-01,113.9,35,0,9010,35,F,27.0
P015,2024-05-02,103.5,35,0,6460,35,F,27.0
P015,2024-05-03,118.1,35,0,9510,35,F,27.0
P015,2024-05-04,126.8,33,1,6540,35,F,27.0
P015,2024-05-05,136.1,33,1,5580,35,F,27.0
P015,2024-05-06,129.0,33,0,8310,35,F,27.0
P015,2024-05-07,112.0,33,0,6200,35,F,27.0
P015,2024-05-08,124.8,33,0,7720,35,F,27.0
P015,2024-05-09,118.1,33,0,7820,35,F,27.0
P015,2024-05-10,119.5,33,0,6910,35,F,27.0
P015,2024-05-11,137.3,33,1,6330,35,F,27.0
P015,2024-05-12,146.4,33,1,3950,35,F,27.0
P015,2024-05-13,141.1,33,0,8120,35,F,27.0
P015,2024-05-14,142.6,33,0,5090,35,F,27.0
P015,2024-05-15,142.3,33,0,8240,35,F,27.0
P015,2024-05-16,126.9,33,0,7980,35,F,27.0
P015,2024-05-17,123.5,31,0,8390,35,F,27.0
P015,2024-05-18,141.2,31,1,4710,35,F,27.0
P015,2024-05-19,157.9,31,1,10880,35,F,27.0
P015,2024-05-20,127.4,31,0,6790,35,F,27.0
P015,2024-05-21,125.8,31,0,7440,35,F,27.0
P015,2024-05-22,124.7,31,0,5890,35,F,27.0
P015,2024-05-23,127.5,31,0,9630,35,F,27.0
P015,2024-05-24,118.1,31,0,6380,35,F,27.0
P015,2024-05-25,131.6,31,1,7390,35,F,27.0
P015,2024-05-26,111.9,31,1,4070,35,F,27.0
P015,2024-05-27,109.1,31,0,7720,35,F,27.0
P015,2024-05-28,116.6,31,0,6550,35,F,27.0
P015,2024-05-29,121.9,31,0,8780,35,F,27.0
P015,2024-05-30,101.4,31,0,6690,35,F,27.0
P015,2024-05-31,113.0,31,0,5720,35,F,27.0
P015,2024-06-01,119.9,31,1,6470,35,F,27.0
P015,2024-06-02,142.1,31,1,3660,35,F,27.0
P015,2024-06-03,135.0,31,0,5560,35,F,27.0
P015,2024-06-04,121.9,31,0,8510,35,F,27.0
P015,2024-06-05,125.8,31,0,4000,35,F,27.0
P015,2024-06-06,129.2,31,0,8500,35,F,27.0
P015,2024-06-07,127.1,31,0,6520,35,F,27.0
P015,2024-06-08,145.3,31,1,4140,35,F,27.0
P015,2024-06-09,141.3,31,1,6120,35,F,27.0
P015,2024-06-10,131.8,31,0,8290,35,F,27.0
P015,2024-06-11,117.4,31,0,6210,35,F,27.0
P015,2024-06-12,135.4,31,0,6910,35,F,27.0
P015,2024-06-13,132.4,31,0,8580,35,F,27.0
P015,2024-06-14,119.6,31,0,8500,35,F,27.0
P016,2024-01-27,144.2,39,1,4000,72,M,22.6
P016,2024-01-28,160.5,39,1,6190,72,M,22.6
P016,2024-01-29,132.2,39,0,4000,72,M,22.6
P016,2024-01-30,146.7,41,0,5960,72,M,22.6
P016,2024-01-31,156.8,41,0,7830,72,M,22.6
P016,2024-02-01,144.2,41,0,6890,72,M,22.6
P016,2024-02-02,152.1,41,0,4260,72,M,22.6
P016,2024-02-03,173.4,39,1,5170,72,M,22.6
P016,2024-02-04,172.9,39,1,2400,72,M,22.6
P016,2024-02-05,149.2,39,0,2550,72,M,22.6
P016,2024-02-06,157.2,37,0,6010,72,M,22.6
P016,2024-02-07,149.8,37,0,7570,72,M,22.6
P016,2024-02-08,150.8,37,0,6590,72,M,22.6
P016,2024-02-09,149.0,37,0,2840,72,M,22.6
P016,2024-02-10,176.4,37,1,5130,72,M,22.6
P016,2024-02-11,168.4,37,1,4790,72,M,22.6
P016,2024-02-12,155.9,37,0,4260,72,M,22.6
P016,2024-02-13,162.5,37,0,650,72,M,22.6
P016,2024-02-14,163.3,37,0,6890,72,M,22.6
P016,2024-02-15,153.2,37,0,6660,72,M,22.6
P016,2024-02-16,148.9,37,0,5970,72,M,22.6
P016,2024-02-17,159.3,41,1,500,72,M,22.6
P016,2024-02-18,161.6,41,1,920,72,M,22.6
P016,2024-02-19,152.0,41,0,6890,72,M,22.6
P016,2024-02-20,147.1,41,0,6510,72,M,22.6
P016,2024-02-21,141.9,41,0,5960,72,M,22.6
P016,2024-02-22,146.8,41,0,4640,72,M,22.6
P016,2024-02-23,149.2,41,0,5780,72,M,22.6
P016,2024-02-24,149.1,41,1,2610,72,M,22.6
P016,2024-02-25,160.3,41,1,3020,72,M,22.6
P016,2024-02-26,156.5,41,0,3530,72,M,22.6
P016,2024-02-27,148.3,41,0,5540,72,M,22.6
P016,2024-02-28,130.1,41,0,4330,72,M,22.6
P016,2024-02-29,140.0,41,0,6780,72,M,22.6
P016,2024-03-01,133.1,41,0,6370,72,M,22.6
P016,2024-03-02,166.9,41,1,2130,72,M,22.6
P016,2024-03-03,171.6,41,1,6870,72,M,22.6
P016,2024-03-04,146.1,41,0,3070,72,M,22.6
P016,2024-03-05,147.4,41,0,5890,72,M,22.6
P016,2024-03-06,144.7,41,0,7020,72,M,22.6
P016,2024-03-07,137.5,41,0,7380,72,M,22.6
P016,2024-03-08,130.8,41,0,1130,72,M,22.6
P016,2024-03-09,159.9,41,1,5370,72,M,22.6
P016,2024-03-10,146.7,41,1,5770,72,M,22.6
P016,2024-03-11,145.3,41,0,7660,72,M,22.6
P016,2024-03-12,129.6,41,0,1090,72,M,22.6
P016,2024-03-13,143.8,41,0,3870,72,M,22.6
P016,2024-03-14,133.6,41,0,4900,72,M,22.6
P016,2024-03-15,123.1,41,0,4280,72,M,22.6
P016,2024-03-16,156.9,41,1,5990,72,M,22.6
P016,2024-03-17,134.9,41,1,2360,72,M,22.6
P016,2024-03-18,144.9,41,0,7290,72,M,22.6
P016,2024-03-19,122.6,41,0,6090,72,M,22.6
P016,2024-03-20,129.5,41,0,2470,72,M,22.6
P016,2024-03-21,156.7,41,0,3300,72,M,22.6
P016,2024-03-22,132.8,41,0,4240,72,M,22.6
P016,2024-03-23,137.9,41,1,3750,72,M,22.6
P016,2024-03-24,156.1,41,1,5370,72,M,22.6
P016,2024-03-25,140.8,41,0,4750,72,M,22.6
P016,2024-03-26,137.9,41,0,6710,72,M,22.6
P016,2024-03-27,136.0,41,0,2250,72,M,22.6
P016,2024-03-28,139.3,41,0,500,72,M,22.6
P016,2024-03-29,148.3,41,0,4470,72,M,22.6
P016,2024-03-30,168.7,41,1,4410,72,M,22.6
P016,2024-03-31,162.9,41,1,2930,72,M,22.6
P016,2024-04-01,152.6,41,0,3260,72,M,22.6
P016,2024-04-02,160.8,41,0,5840,72,M,22.6
P016,2024-04-03,167.0,41,0,8560,72,M,22.6
P016,2024-04-04,148.1,41,0,4890,72,M,22.6
P016,2024-04-05,154.1,41,0,3770,72,M,22.6
P016,2024-04-06,162.5,41,1,2060,72,M,22.6
P016,2024-04-07,160.2,41,1,7120,72,M,22.6
P016,2024-04-08,134.2,41,0,5010,72,M,22.6
P016,2024-04-09,135.0,41,0,6180,72,M,22.6
P016,2024-04-10,121.5,41,0,7280,72,M,22.6
P016,2024-04-11,110.2,41,0,7020,72,M,22.6
P016,2024-04-12,114.7,41,0,3420,72,M,22.6
P016,2024-04-13,144.6,41,1,5300,72,M,22.6
P016,2024-04-14,154.3,41,1,5100,72,M,22.6
P016,2024-04-15,134.9,41,0,5960,72,M,22.6
P016,2024-04-16,132.3,41,0,6900,72,M,22.6
P016,2024-04-17,136.4,41,0,4070,72,M,22.6
P016,2024-04-18,146.3,41,0,4950,72,M,22.6
P016,2024-04-19,140.5,41,0,4140,72,M,22.6
P016,2024-04-20,154.4,41,1,4940,72,M,22.6
P016,2024-04-21,167.2,41,1,2400,72,M,22.6
P016,2024-04-22,149.9,41,0,5790,72,M,22.6
P016,2024-04-23,137.3,41,0,3110,72,M,22.6
P016,2024-04-24,130.7,41,0,4860,72,M,22.6
P016,2024-04-25,136.7,41,0,4430,72,M,22.6
P016,2024-04-26,138.2,41,0,4870,72,M,22.6
P016,2024-04-27,169.1,41,1,3820,72,M,22.6
P016,2024-04-28,164.7,41,1,3250,72,M,22.6
P016,2024-04-29,157.2,41,0,4680,72,M,22.6
P016,2024-04-30,158.8,41,0,1350,72,M,22.6
P016,2024-05-01,173.8,41,0,7070,72,M,22.6
P016,2024-05-02,144.3,41,0,3960,72,M,22.6
P016,2024-05-03,162.1,41,0,4640,72,M,22.6
P016,2024-05-04,169.5,41,1,2090,72,M,22.6
P016,2024-05-05,170.3,41,1,5380,72,M,22.6
P016,2024-05-06,145.2,41,0,3450,72,M,22.6
P016,2024-05-07,145.3,41,0,5990,72,M,22.6
P016,2024-05-08,138.0,41,0,7200,72,M,22.6
P016,2024-05-09,118.2,41,0,8040,72,M,22.6
P016,2024-05-10,127.9,41,0,7220,72,M,22.6
P016,2024-05-11,146.5,41,1,4700,72,M,22.6
P016,2024-05-12,144.9,41,1,1430,72,M,22.6
P016,2024-05-13,140.0,41,0,7400,72,M,22.6
P016,2024-05-14,147.8,41,0,7220,72,M,22.6
P016,2024-05-15,144.8,41,0,6590,72,M,22.6
P016,2024-05-16,137.9,41,0,6530,72,M,22.6
P016,2024-05-17,149.4,41,0,5220,72,M,22.6
P017,2024-01-03,138.8,33,0,6550,71,F,25.4
P017,2024-01-04,160.9,33,0,7640,71,F,25.4
P017,2024-01-05,164.2,33,0,7740,71,F,25.4
P017,2024-01-06,164.2,33,1,2150,71,F,25.4
P017,2024-01-07,169.6,33,1,4510,71,F,25.4
P017,2024-01-08,142.9,33,0,7760,71,F,25.4
P017,2024-01-09,137.1,35,0,9130,71,F,25.4
P017,2024-01-10,135.5,35,0,2760,71,F,25.4
P017,2024-01-11,154.0,35,0,2740,71,F,25.4
P017,2024-01-12,152.3,35,0,5990,71,F,25.4
P017,2024-01-13,146.6,35,1,3110,71,F,25.4
P017,2024-01-14,149.1,35,1,1980,71,F,25.4
P017,2024-01-15,152.0,35,0,5840,71,F,25.4
P017,2024-01-16,150.7,35,0,3830,71,F,25.4
P017,2024-01-17,148.0,35,0,1290,71,F,25.4
P017,2024-01-18,148.8,35,0,5140,71,F,25.4
P017,2024-01-19,137.9,35,0,5400,71,F,25.4
P017,2024-01-20,150.5,35,1,4780,71,F,25.4
P017,2024-01-21,138.0,35,1,5300,71,F,25.4
P017,2024-01-22,134.1,35,0,5500,71,F,25.4
P017,2024-01-23,128.3,35,0,4780,71,F,25.4
P017,2024-01-24,132.7,35,0,4040,71,F,25.4
P017,2024-01-25,115.5,35,0,2350,71,F,25.4
P017,2024-01-26,128.9,35,0,4430,71,F,25.4
P017,2024-01-27,153.4,35,1,5400,71,F,25.4
P017,2024-01-28,133.3,35,1,4800,71,F,25.4
P017,2024-01-29,138.6,35,0,8710,71,F,25.4
P017,2024-01-30,134.0,35,0,4920,71,F,25.4
P017,2024-01-31,134.8,35,0,2110,71,F,25.4
P017,2024-02-01,130.3,35,0,6600,71,F,25.4
P017,2024-02-02,136.7,35,0,6960,71,F,25.4
P017,2024-02-03,152.7,35,1,1670,71,F,25.4
P017,2024-02-04,167.8,35,1,910,71,F,25.4
P017,2024-02-05,151.8,35,0,5440,71,F,25.4
P017,2024-02-06,136.8,35,0,6400,71,F,25.4
P017,2024-02-07,144.2,35,0,3250,71,F,25.4
P017,2024-02-08,142.2,35,0,4590,71,F,25.4
P017,2024-02-09,148.7,35,0,3840,71,F,25.4
P017,2024-02-10,149.9,35,1,1650,71,F,25.4
P017,2024-02-11,151.2,35,1,1410,71,F,25.4
P017,2024-02-12,131.5,35,0,5420,71,F,25.4
P017,2024-02-13,140.6,35,0,4540,71,F,25.4
P017,2024-02-14,128.7,35,0,4020,71,F,25.4
P017,2024-02-15,125.9,35,0,690,71,F,25.4
P017,2024-02-16,143.5,35,0,8180,71,F,25.4
P017,2024-02-17,147.5,33,1,2050,71,F,25.4
P017,2024-02-18,176.1,33,1,3440,71,F,25.4
P017,2024-02-19,166.0,33,0,3220,71,F,25.4
P017,2024-02-20,160.8,33,0,5820,71,F,25.4
P017,2024-02-21,152.6,33,0,2580,71,F,25.4
P017,2024-02-22,137.9,33,0,5330,71,F,25.4
P017,2024-02-23,126.8,33,0,4850,71,F,25.4
P017,2024-02-24,142.7,33,1,5250,71,F,25.4
P017,2024-02-25,143.7,33,1,1790,71,F,25.4
P017,2024-02-26,128.8,33,0,4050,71,F,25.4
P017,2024-02-27,123.3,33,0,4760,71,F,25.4
P017,2024-02-28,122.2,33,0,8770,71,F,25.4
P017,2024-02-29,129.5,33,0,2630,71,F,25.4
P017,2024-03-01,146.5,33,0,5670,71,F,25.4
P017,2024-03-02,151.9,33,1,2540,71,F,25.4
P017,2024-03-03,157.5,33,1,4200,71,F,25.4
P017,2024-03-04,144.5,33,0,6290,71,F,25.4
P017,2024-03-05,135.8,33,0,5410,71,F,25.4
P017,2024-03-06,138.4,33,0,5610,71,F,25.4
P017,2024-03-07,127.6,33,0,5640,71,F,25.4
P017,2024-03-08,139.8,33,0,4150,71,F,25.4
P017,2024-03-09,166.4,33,1,3290,71,F,25.4
P017,2024-03-10,169.3,33,1,810,71,F,25.4
P017,2024-03-11,161.7,33,0,4550,71,F,25.4
P017,2024-03-12,154.0,33,0,3840,71,F,25.4
P017,2024-03-13,165.6,35,0,4720,71,F,25.4
P017,2024-03-14,156.8,35,0,6420,71,F,25.4
P017,2024-03-15,137.2,35,0,5810,71,F,25.4
P017,2024-03-16,144.3,35,1,4470,71,F,25.4
P017,2024-03-17,155.1,35,1,5550,71,F,25.4
P017,2024-03-18,146.1,35,0,1060,71,F,25.4
P017,2024-03-19,156.7,35,0,5900,71,F,25.4
P017,2024-03-20,148.2,35,0,5110,71,F,25.4
P017,2024-03-21,145.1,35,0,4990,71,F,25.4
P017,2024-03-22,129.5,35,0,2910,71,F,25.4
P017,2024-03-23,144.0,35,1,4600,71,F,25.4
P017,2024-03-24,129.9,35,1,5630,71,F,25.4
P017,2024-03-25,118.4,35,0,6920,71,F,25.4
P017,2024-03-26,111.1,35,0,5010,71,F,25.4
P017,2024-03-27,123.6,35,0,6250,71,F,25.4
P017,2024-03-28,124.5,35,0,6740,71,F,25.4
P017,2024-03-29,107.9,39,0,8280,71,F,25.4
P017,2024-03-30,133.1,39,1,5760,71,F,25.4
P017,2024-03-31,147.3,39,1,3900,71,F,25.4
P017,2024-04-01,126.5,39,0,5310,71,F,25.4
P017,2024-04-02,129.5,39,0,5440,71,F,25.4
P017,2024-04-03,137.6,39,0,5540,71,F,25.4
P017,2024-04-04,135.1,39,0,4300,71,F,25.4
P017,2024-04-05,145.2,39,0,6480,71,F,25.4
P017,2024-04-06,154.6,39,1,2460,71,F,25.4
P017,2024-04-07,169.4,39,1,2270,71,F,25.4
P017,2024-04-08,153.1,39,0,5760,71,F,25.4
P017,2024-04-09,141.7,39,0,4160,71,F,25.4
P017,2024-04-10,147.4,39,0,4730,71,F,25.4
P017,2024-04-11,149.6,39,0,1580,71,F,25.4
P017,2024-04-12,153.5,39,0,6510,71,F,25.4
P017,2024-04-13,150.5,39,1,3640,71,F,25.4
P017,2024-04-14,148.9,39,1,3430,71,F,25.4
P017,2024-04-15,133.7,39,0,5940,71,F,25.4
P017,2024-04-16,125.7,39,0,5510,71,F,25.4
P017,2024-04-17,130.3,39,0,3940,71,F,25.4
P018,2024-01-31,97.5,46,0,3850,19,F,22.4
P018,2024-02-01,99.6,46,0,9600,19,F,22.4
P018,2024-02-02,113.5,46,0,6560,19,F,22.4
P018,2024-02-03,124.5,46,1,5870,19,F,22.4
P018,2024-02-04,126.9,46,1,7120,19,F,22.4
P018,2024-02-05,117.6,46,0,4850,19,F,22.4
P018,2024-02-06,104.7,46,0,8560,19,F,22.4
P018,2024-02-07,91.1,46,0,7050,19,F,22.4
P018,2024-02-08,93.8,46,0,6860,19,F,22.4
P018,2024-02-09,88.9,46,0,9470,19,F,22.4
P018,2024-02-10,92.0,46,1,13020,19,F,22.4
P018,2024-02-11,85.0,48,1,7330,19,F,22.4
P018,2024-02-12,97.8,48,0,9210,19,F,22.4
P018,2024-02-13,98.3,48,0,8120,19,F,22.4
P018,2024-02-14,97.1,48,0,6910,19,F,22.4
P018,2024-02-15,97.0,48,0,8680,19,F,22.4
P018,2024-02-16,78.0,48,0,10940,19,F,22.4
P018,2024-02-17,96.7,48,1,7050,19,F,22.4
P018,2024-02-18,107.6,48,1,8310,19,F,22.4
P018,2024-02-19,80.6,48,0,7800,19,F,22.4
P018,2024-02-20,85.5,48,0,12740,19,F,22.4
P018,2024-02-21,74.7,48,0,5240,19,F,22.4
P018,2024-02-22,86.6,48,0,9260,19,F,22.4
P018,2024-02-23,73.0,48,0,9180,19,F,22.4
P018,2024-02-24,86.6,48,1,7190,19,F,22.4
P018,2024-02-25,88.4,48,1,4700,19,F,22.4
P018,2024-02-26,89.7,48,0,6160,19,F,22.4
P018,2024-02-27,92.6,48,0,7780,19,F,22.4
P018,2024-02-28,92.9,48,0,8380,19,F,22.4
P018,2024-02-29,90.3,48,0,6020,19,F,22.4
P018,2024-03-01,92.8,48,0,6280,19,F,22.4
P018,2024-03-02,124.9,48,1,7710,19,F,22.4
P018,2024-03-03,102.4,48,1,8560,19,F,22.4
P018,2024-03-04,99.7,48,0,7190,19,F,22.4
P018,2024-03-05,103.7,48,0,6940,19,F,22.4
P018,2024-03-06,102.9,48,0,6890,19,F,22.4
P018,2024-03-07,97.6,48,0,12660,19,F,22.4
P018,2024-03-08,85.1,48,0,9080,19,F,22.4
P018,2024-03-09,97.8,48,1,6580,19,F,22.4
P018,2024-03-10,95.9,48,1,8510,19,F,22.4
P018,2024-03-11,83.9,48,0,12330,19,F,22.4
P018,2024-03-12,67.0,48,0,10310,19,F,22.4
P018,2024-03-13,85.0,48,0,5630,19,F,22.4
P018,2024-03-14,104.6,48,0,8040,19,F,22.4
P018,2024-03-15,68.9,48,0,7470,19,F,22.4
P018,2024-03-16,80.3,48,1,6080,19,F,22.4
P018,2024-03-17,94.9,48,1,4500,19,F,22.4
P018,2024-03-18,90.4,48,0,7490,19,F,22.4
P018,2024-03-19,87.1,48,0,6240,19,F,22.4
P018,2024-03-20,93.4,48,0,8800,19,F,22.4
P018,2024-03-21,93.1,48,0,8270,19,F,22.4
P018,2024-03-22,97.9,48,0,5640,19,F,22.4
P018,2024-03-23,126.8,48,1,3610,19,F,22.4
P018,2024-03-24,122.7,48,1,5830,19,F,22.4
P018,2024-03-25,106.3,48,0,9360,19,F,22.4
P018,2024-03-26,80.8,48,0,9080,19,F,22.4
P018,2024-03-27,82.7,48,0,8070,19,F,22.4
P018,2024-03-28,77.1,48,0,2230,19,F,22.4
P018,2024-03-29,105.6,48,0,7300,19,F,22.4
P018,2024-03-30,127.6,48,1,5350,19,F,22.4
P018,2024-03-31,128.4,48,1,6080,19,F,22.4
P018,2024-04-01,96.8,48,0,5990,19,F,22.4
P018,2024-04-02,97.2,48,0,7410,19,F,22.4
P018,2024-04-03,95.9,48,0,6990,19,F,22.4
P018,2024-04-04,99.3,48,0,13090,19,F,22.4
P018,2024-04-05,95.8,48,0,9460,19,F,22.4
P018,2024-04-06,121.4,48,1,6340,19,F,22.4
P018,2024-04-07,101.3,48,1,6600,19,F,22.4
P018,2024-04-08,103.0,48,0,7970,19,F,22.4
P018,2024-04-09,94.8,48,0,8530,19,F,22.4
P018,2024-04-10,89.7,48,0,7460,19,F,22.4
P018,2024-04-11,104.9,48,0,8160,19,F,22.4
P018,2024-04-12,97.4,48,0,10040,19,F,22.4
P018,2024-04-13,94.7,48,1,8190,19,F,22.4
P018,2024-04-14,90.6,48,1,7250,19,F,22.4
P018,2024-04-15,84.4,48,0,10590,19,F,22.4
P018,2024-04-16,87.7,48,0,8590,19,F,22.4
P018,2024-04-17,102.0,48,0,6420,19,F,22.4
P018,2024-04-18,98.9,48,0,5030,19,F,22.4
P018,2024-04-19,94.6,48,0,6930,19,F,22.4
P018,2024-04-20,117.1,48,1,6570,19,F,22.4
P018,2024-04-21,108.5,48,1,7410,19,F,22.4
P018,2024-04-22,102.6,48,0,10130,19,F,22.4
P018,2024-04-23,93.4,48,0,7150,19,F,22.4
P018,2024-04-24,97.3,48,0,6730,19,F,22.4
P018,2024-04-25,93.4,48,0,9580,19,F,22.4
P018,2024-04-26,89.5,48,0,10310,19,F,22.4
P018,2024-04-27,97.5,48,1,5830,19,F,22.4
P018,2024-04-28,102.4,48,1,7300,19,F,22.4
P018,2024-04-29,87.8,48,0,10670,19,F,22.4
P018,2024-04-30,78.8,48,0,8770,19,F,22.4
P018,2024-05-01,89.3,48,0,8090,19,F,22.4
P018,2024-05-02,93.3,48,0,4440,19,F,22.4
P018,2024-05-03,99.7,48,0,10580,19,F,22.4
P018,2024-05-04,101.7,48,1,7850,19,F,22.4
P018,2024-05-05,107.2,48,1,6910,19,F,22.4
P018,2024-05-06,110.9,48,0,7350,19,F,22.4
P018,2024-05-07,105.4,48,0,5940,19,F,22.4
P018,2024-05-08,100.7,48,0,8010,19,F,22.4
P018,2024-05-09,94.2,48,0,8000,19,F,22.4
P018,2024-05-10,100.2,48,0,10170,19,F,22.4
P018,2024-05-11,106.2,48,1,4500,19,F,22.4
P018,2024-05-12,115.3,48,1,9290,19,F,22.4
P018,2024-05-13,89.1,48,0,8250,19,F,22.4
P018,2024-05-14,94.7,46,0,10330,19,F,22.4
P018,2024-05-15,90.6,48,0,6440,19,F,22.4
P018,2024-05-16,99.6,48,0,8810,19,F,22.4
P018,2024-05-17,78.7,48,0,10390,19,F,22.4
P018,2024-05-18,84.0,48,1,6890,19,F,22.4
P018,2024-05-19,75.0,48,1,4030,19,F,22.4
P018,2024-05-20,84.4,48,0,7590,19,F,22.4
P018,2024-05-21,90.3,48,0,9150,19,F,22.4
P018,2024-05-22,96.6,48,0,5660,19,F,22.4
P018,2024-05-23,100.0,48,0,5580,19,F,22.4
P018,2024-05-24,106.4,48,0,8610,19,F,22.4
P018,2024-05-25,108.8,48,1,4970,19,F,22.4
P018,2024-05-26,112.5,48,1,7920,19,F,22.4
P018,2024-05-27,79.5,48,0,6070,19,F,22.4
P018,2024-05-28,84.0,46,0,4880,19,F,22.4
P018,2024-05-29,87.5,46,0,6790,19,F,22.4
P018,2024-05-30,96.9,46,0,10880,19,F,22.4
P018,2024-05-31,103.0,46,0,6630,19,F,22.4
P018,2024-06-01,117.4,46,1,6680,19,F,22.4
P018,2024-06-02,119.5,46,1,7130,19,F,22.4
P018,2024-06-03,105.4,46,0,6480,19,F,22.4
P018,2024-06-04,98.9,46,0,10160,19,F,22.4
P018,2024-06-05,79.4,46,0,8510,19,F,22.4
P018,2024-06-06,83.0,46,0,8990,19,F,22.4
P018,2024-06-07,76.7,46,0,5160,19,F,22.4
P018,2024-06-08,103.9,46,1,3530,19,F,22.4
P018,2024-06-09,111.6,46,1,1720,19,F,22.4
P018,2024-06-10,103.2,46,0,7850,19,F,22.4
P018,2024-06-11,91.8,46,0,7780,19,F,22.4
P018,2024-06-12,97.2,46,0,9490,19,F,22.4
P018,2024-06-13,85.2,46,0,10870,19,F,22.4
P018,2024-06-14,91.4,46,0,7730,19,F,22.4
P018,2024-06-15,96.2,46,1,6210,19,F,22.4
P018,2024-06-16,103.4,46,1,7500,19,F,22.4
P018,2024-06-17,91.6,46,0,10950,19,F,22.4
P018,2024-06-18,77.9,46,0,6710,19,F,22.4
P018,2024-06-19,75.8,46,0,9320,19,F,22.4
P018,2024-06-20,82.0,46,0,7750,19,F,22.4
P018,2024-06-21,81.5,46,0,7590,19,F,22.4
P018,2024-06-22,105.4,46,1,8160,19,F,22.4
P019,2024-02-08,126.2,28,0,7360,43,M,26.8
P019,2024-02-09,134.5,28,0,5700,43,M,26.8
P019,2024-02-10,147.3,28,1,6430,43,M,26.8
P019,2024-02-11,160.5,28,1,6360,43,M,26.8
P019,2024-02-12,142.4,28,0,7030,43,M,26.8
P019,2024-02-13,141.1,28,0,12050,43,M,26.8
P019,2024-02-14,122.9,28,0,9280,43,M,26.8
P019,2024-02-15,126.8,28,0,8320,43,M,26.8
P019,2024-02-16,131.6,28,0,8690,43,M,26.8
P019,2024-02-17,145.3,28,1,10590,43,M,26.8
P019,2024-02-18,136.4,28,1,7320,43,M,26.8
P019,2024-02-19,121.2,28,0,5630,43,M,26.8
P019,2024-02-20,129.0,28,0,7460,43,M,26.8
P019,2024-02-21,128.5,28,0,7020,43,M,26.8
P019,2024-02-22,134.0,28,0,5890,43,M,26.8
P019,2024-02-23,144.1,28,0,7350,43,M,26.8
P019,2024-02-24,147.1,28,1,5830,43,M,26.8
P019,2024-02-25,131.5,28,1,5290,43,M,26.8
P019,2024-02-26,121.9,28,0,6040,43,M,26.8
P019,2024-02-27,108.6,28,0,8350,43,M,26.8
P019,2024-02-28,101.2,28,0,4090,43,M,26.8
P019,2024-02-29,126.3,28,0,8340,43,M,26.8
P019,2024-03-01,124.2,28,0,6910,43,M,26.8
P019,2024-03-02,135.4,28,1,5880,43,M,26.8
P019,2024-03-03,134.3,28,1,1220,43,M,26.8
P019,2024-03-04,132.4,28,0,9850,43,M,26.8
P019,2024-03-05,103.9,28,0,3850,43,M,26.8
P019,2024-03-06,127.4,28,0,5370,43,M,26.8
P019,2024-03-07,125.1,28,0,8030,43,M,26.8
P019,2024-03-08,138.0,28,0,5830,43,M,26.8
P019,2024-03-09,144.8,28,1,4680,43,M,26.8
P019,2024-03-10,156.9,28,1,1470,43,M,26.8
P019,2024-03-11,142.2,28,0,6130,43,M,26.8
P019,2024-03-12,142.5,28,0,7270,43,M,26.8
P019,2024-03-13,130.3,28,0,8090,43,M,26.8
P019,2024-03-14,136.4,28,0,6390,43,M,26.8
P019,2024-03-15,135.2,28,0,7280,43,M,26.8
P019,2024-03-16,141.6,28,1,6170,43,M,26.8
P019,2024-03-17,145.6,28,1,4210,43,M,26.8
P019,2024-03-18,141.3,28,0,5580,43,M,26.8
P019,2024-03-19,141.2,28,0,10350,43,M,26.8
P019,2024-03-20,142.2,28,0,5400,43,M,26.8
P019,2024-03-21,152.0,28,0,9070,43,M,26.8
P019,2024-03-22,116.6,28,0,7020,43,M,26.8
P019,2024-03-23,135.2,28,1,7990,43,M,26.8
P019,2024-03-24,120.5,28,1,4270,43,M,26.8
P019,2024-03-25,118.7,28,0,7810,43,M,26.8
P019,2024-03-26,122.1,28,0,7480,43,M,26.8
P019,2024-03-27,113.1,28,0,6500,43,M,26.8
P019,2024-03-28,110.3,28,0,7450,43,M,26.8
P019,2024-03-29,115.9,28,0,5550,43,M,26.8
P019,2024-03-30,134.7,28,1,5260,43,M,26.8
P019,2024-03-31,150.9,28,1,4700,43,M,26.8
P019,2024-04-01,137.4,28,0,8240,43,M,26.8
P019,2024-04-02,131.9,28,0,6740,43,M,26.8
P019,2024-04-03,145.8,28,0,4450,43,M,26.8
P019,2024-04-04,139.4,28,0,6250,43,M,26.8
P019,2024-04-05,133.6,28,0,6730,43,M,26.8
P019,2024-04-06,137.8,28,1,3810,43,M,26.8
P019,2024-04-07,148.8,28,1,7750,43,M,26.8
P019,2024-04-08,136.6,28,0,7610,43,M,26.8
P019,2024-04-09,145.8,28,0,8390,43,M,26.8
P019,2024-04-10,138.8,28,0,5550,43,M,26.8
P019,2024-04-11,136.1,28,0,6200,43,M,26.8
P019,2024-04-12,127.4,30,0,8680,43,M,26.8
P019,2024-04-13,128.4,30,1,2870,43,M,26.8
P019,2024-04-14,147.4,30,1,6050,43,M,26.8
P019,2024-04-15,141.3,30,0,7060,43,M,26.8
P019,2024-04-16,117.9,30,0,6020,43,M,26.8
P019,2024-04-17,108.6,30,0,7060,43,M,26.8
P019,2024-04-18,127.8,30,0,5000,43,M,26.8
P019,2024-04-19,120.4,30,0,7300,43,M,26.8
P019,2024-04-20,137.9,30,1,3250,43,M,26.8
P019,2024-04-21,137.8,30,1,3150,43,M,26.8
P019,2024-04-22,134.9,30,0,9370,43,M,26.8
P019,2024-04-23,128.6,30,0,5660,43,M,26.8
P019,2024-04-24,134.3,30,0,3170,43,M,26.8
P019,2024-04-25,143.2,30,0,8620,43,M,26.8
P019,2024-04-26,128.1,30,0,5540,43,M,26.8
P019,2024-04-27,149.7,30,1,500,43,M,26.8
P019,2024-04-28,170.5,30,1,5300,43,M,26.8
P019,2024-04-29,147.5,30,0,8540,43,M,26.8
P019,2024-04-30,127.4,30,0,7520,43,M,26.8
P019,2024-05-01,120.2,30,0,9940,43,M,26.8
P019,2024-05-02,114.6,30,0,6680,43,M,26.8
P019,2024-05-03,121.0,30,0,7960,43,M,26.8
P019,2024-05-04,135.1,30,1,3620,43,M,26.8
P019,2024-05-05,140.5,30,1,5690,43,M,26.8
P019,2024-05-06,130.8,30,0,9610,43,M,26.8
P019,2024-05-07,123.6,30,0,7790,43,M,26.8
P019,2024-05-08,130.6,30,0,7190,43,M,26.8
P019,2024-05-09,131.4,30,0,3410,43,M,26.8
P019,2024-05-10,144.0,30,0,6240,43,M,26.8
P019,2024-05-11,141.2,30,1,3120,43,M,26.8
P019,2024-05-12,163.2,30,1,6780,43,M,26.8
P019,2024-05-13,141.6,30,0,5600,43,M,26.8
P019,2024-05-14,144.7,30,0,7540,43,M,26.8
P019,2024-05-15,142.5,30,0,5130,43,M,26.8
P019,2024-05-16,151.9,30,0,10240,43,M,26.8
P019,2024-05-17,141.5,30,0,4830,43,M,26.8
P019,2024-05-18,162.0,30,1,5650,43,M,26.8
P019,2024-05-19,154.0,30,1,10060,43,M,26.8
P019,2024-05-20,115.3,30,0,7280,43,M,26.8
P019,2024-05-21,125.7,30,0,5360,43,M,26.8
P019,2024-05-22,127.8,30,0,7990,43,M,26.8
P019,2024-05-23,121.1,30,0,8660,43,M,26.8
P019,2024-05-24,140.1,30,0,8450,43,M,26.8
P019,2024-05-25,132.4,30,1,1910,43,M,26.8
P019,2024-05-26,147.1,30,1,5790,43,M,26.8
P019,2024-05-27,135.4,30,0,3130,43,M,26.8
P019,2024-05-28,144.6,30,0,10270,43,M,26.8
P019,2024-05-29,134.8,30,0,7030,43,M,26.8
P019,2024-05-30,124.0,30,0,6090,43,M,26.8
P019,2024-05-31,118.0,30,0,8100,43,M,26.8
P019,2024-06-01,136.2,30,1,6270,43,M,26.8
P019,2024-06-02,137.7,30,1,3300,43,M,26.8
P019,2024-06-03,144.8,30,0,9790,43,M,26.8
P019,2024-06-04,129.5,30,0,6480,43,M,26.8
P019,2024-06-05,134.9,30,0,3790,43,M,26.8
P019,2024-06-06,141.9,30,0,9390,43,M,26.8
P019,2024-06-07,126.5,30,0,9630,43,M,26.8
P019,2024-06-08,141.0,30,1,7640,43,M,26.8
P019,2024-06-09,139.6,30,1,6380,43,M,26.8
P019,2024-06-10,130.3,30,0,5320,43,M,26.8
P019,2024-06-11,130.4,30,0,8570,43,M,26.8
P019,2024-06-12,128.8,30,0,10210,43,M,26.8
P019,2024-06-13,115.1,30,0,8360,43,M,26.8
P019,2024-06-14,111.9,30,0,9760,43,M,26.8
P019,2024-06-15,134.5,30,1,4030,43,M,26.8
P019,2024-06-16,150.6,30,1,7220,43,M,26.8
P020,2024-01-01,158.5,39,0,7190,66,M,26.9
P020,2024-01-02,157.1,39,0,9420,66,M,26.9
P020,2024-01-03,147.0,39,0,6720,66,M,26.9
P020,2024-01-04,152.4,39,0,2970,66,M,26.9
P020,2024-01-05,164.8,39,0,5670,66,M,26.9
P020,2024-01-06,164.3,39,1,4000,66,M,26.9
P020,2024-01-07,166.5,39,1,4500,66,M,26.9
P020,2024-01-08,149.8,39,0,5180,66,M,26.9
P020,2024-01-09,170.6,39,0,6500,66,M,26.9
P020,2024-01-10,161.2,39,0,4760,66,M,26.9
P020,2024-01-11,143.7,39,0,6020,66,M,26.9
P020,2024-01-12,150.8,39,0,4350,66,M,26.9
P020,2024-01-13,188.2,39,1,4280,66,M,26.9
P020,2024-01-14,170.9,39,1,5910,66,M,26.9
P020,2024-01-15,179.1,39,0,4710,66,M,26.9
P020,2024-01-16,167.3,39,0,6810,66,M,26.9
P020,2024-01-17,162.8,39,0,3990,66,M,26.9
P020,2024-01-18,155.1,39,0,4920,66,M,26.9
P020,2024-01-19,147.4,39,0,5170,66,M,26.9
P020,2024-01-20,149.2,39,1,6360,66,M,26.9
P020,2024-01-21,141.1,39,1,2710,66,M,26.9
P020,2024-01-22,122.0,39,0,7810,66,M,26.9
P020,2024-01-23,131.4,39,0,2940,66,M,26.9
P020,2024-01-24,134.1,39,0,5310,66,M,26.9
P020,2024-01-25,137.9,39,0,7250,66,M,26.9
P020,2024-01-26,139.1,39,0,6860,66,M,26.9
P020,2024-01-27,149.3,39,1,2260,66,M,26.9
P020,2024-01-28,161.8,39,1,1870,66,M,26.9
P020,2024-01-29,149.9,39,0,7190,66,M,26.9
P020,2024-01-30,137.1,39,0,3300,66,M,26.9
P020,2024-01-31,148.6,39,0,6650,66,M,26.9
P020,2024-02-01,144.5,39,0,4650,66,M,26.9
P020,2024-02-02,141.7,39,0,5570,66,M,26.9
P020,2024-02-03,147.7,39,1,8300,66,M,26.9
P020,2024-02-04,142.5,39,1,6910,66,M,26.9
P020,2024-02-05,139.6,39,0,7120,66,M,26.9
P020,2024-02-06,154.6,39,0,3090,66,M,26.9
P020,2024-02-07,172.6,39,0,6170,66,M,26.9
P020,2024-02-08,162.7,39,0,5690,66,M,26.9
P020,2024-02-09,166.5,39,0,5410,66,M,26.9
P020,2024-02-10,175.6,39,1,6520,66,M,26.9
P020,2024-02-11,177.9,39,1,970,66,M,26.9
P020,2024-02-12,169.2,39,0,6170,66,M,26.9
P020,2024-02-13,157.1,39,0,5820,66,M,26.9
P020,2024-02-14,150.7,39,0,4220,66,M,26.9
P020,2024-02-15,151.5,39,0,8730,66,M,26.9
P020,2024-02-16,156.4,39,0,3280,66,M,26.9
P020,2024-02-17,163.7,39,1,4140,66,M,26.9
P020,2024-02-18,161.0,39,1,4230,66,M,26.9
P020,2024-02-19,141.1,39,0,1600,66,M,26.9
P020,2024-02-20,155.6,39,0,2990,66,M,26.9
P020,2024-02-21,165.3,39,0,3820,66,M,26.9
P020,2024-02-22,153.7,39,0,7020,66,M,26.9
P020,2024-02-23,121.1,39,0,7310,66,M,26.9
P020,2024-02-24,147.0,39,1,5170,66,M,26.9
P020,2024-02-25,159.0,39,1,4520,66,M,26.9
P020,2024-02-26,132.4,39,0,1580,66,M,26.9
P020,2024-02-27,142.2,39,0,5980,66,M,26.9
P020,2024-02-28,137.6,39,0,4650,66,M,26.9
P020,2024-02-29,124.7,39,0,7720,66,M,26.9
P020,2024-03-01,134.4,39,0,8040,66,M,26.9
P020,2024-03-02,155.7,39,1,8160,66,M,26.9
P020,2024-03-03,158.9,39,1,5380,66,M,26.9
P020,2024-03-04,142.1,39,0,7070,66,M,26.9
P020,2024-03-05,136.8,39,0,3710,66,M,26.9
P020,2024-03-06,143.2,39,0,5730,66,M,26.9
P020,2024-03-07,148.2,39,0,3330,66,M,26.9
P020,2024-03-08,146.3,39,0,7220,66,M,26.9
P020,2024-03-09,168.6,39,1,1910,66,M,26.9
P020,2024-03-10,179.7,39,1,3690,66,M,26.9
P020,2024-03-11,141.0,39,0,4090,66,M,26.9
P020,2024-03-12,159.1,39,0,4730,66,M,26.9
P020,2024-03-13,156.1,39,0,6410,66,M,26.9
P020,2024-03-14,145.4,39,0,4550,66,M,26.9
P020,2024-03-15,149.7,39,0,5980,66,M,26.9
P020,2024-03-16,144.7,39,1,2250,66,M,26.9
P020,2024-03-17,158.8,39,1,6630,66,M,26.9
P020,2024-03-18,117.7,39,0,4400,66,M,26.9
P020,2024-03-19,122.7,39,0,7430,66,M,26.9
P020,2024-03-20,136.5,39,0,9480,66,M,26.9
P020,2024-03-21,143.4,39,0,1130,66,M,26.9
P020,2024-03-22,153.3,39,0,3770,66,M,26.9
P020,2024-03-23,152.8,39,1,3700,66,M,26.9
P020,2024-03-24,163.3,39,1,6210,66,M,26.9
P020,2024-03-25,142.6,39,0,4690,66,M,26.9
P020,2024-03-26,147.0,39,0,6270,66,M,26.9
P020,2024-03-27,148.5,39,0,4240,66,M,26.9
P020,2024-03-28,141.7,39,0,6600,66,M,26.9
P020,2024-03-29,146.3,39,0,3360,66,M,26.9
P020,2024-03-30,148.7,39,1,5600,66,M,26.9
P020,2024-03-31,163.6,39,1,500,66,M,26.9
P020,2024-04-01,146.6,39,0,2120,66,M,26.9
P020,2024-04-02,143.6,39,0,8900,66,M,26.9
P020,2024-04-03,130.2,39,0,5890,66,M,26.9
P020,2024-04-04,148.1,39,0,3940,66,M,26.9
P020,2024-04-05,159.5,39,0,9600,66,M,26.9
P020,2024-04-06,163.5,39,1,5990,66,M,26.9
P020,2024-04-07,173.0,39,1,6140,66,M,26.9
P020,2024-04-08,159.3,39,0,4800,66,M,26.9
P020,2024-04-09,157.6,39,0,6710,66,M,26.9
P020,2024-04-10,135.6,39,0,6500,66,M,26.9
P020,2024-04-11,121.4,39,0,2530,66,M,26.9
P020,2024-04-12,120.2,39,0,6660,66,M,26.9
P020,2024-04-13,138.8,39,1,3730,66,M,26.9
P020,2024-04-14,150.4,39,1,6430,66,M,26.9
P020,2024-04-15,134.8,39,0,7960,66,M,26.9
P020,2024-04-16,136.6,39,0,4390,66,M,26.9
P020,2024-04-17,142.4,39,0,4460,66,M,26.9
P020,2024-04-18,134.8,39,0,5920,66,M,26.9
P020,2024-04-19,123.0,39,0,6770,66,M,26.9
P020,2024-04-20,126.5,39,1,3310,66,M,26.9
P020,2024-04-21,154.0,39,1,3860,66,M,26.9
P020,2024-04-22,148.8,39,0,6690,66,M,26.9
P021,2024-01-12,113.6,37,0,9030,23,F,28.8
P021,2024-01-13,127.7,37,1,5280,23,F,28.8
P021,2024-01-14,133.4,37,1,7340,23,F,28.8
P021,2024-01-15,104.7,37,0,5380,23,F,28.8
P021,2024-01-16,108.3,37,0,10550,23,F,28.8
P021,2024-01-17,108.3,37,0,6130,23,F,28.8
P021,2024-01-18,125.9,37,0,10160,23,F,28.8
P021,2024-01-19,104.8,37,0,7190,23,F,28.8
P021,2024-01-20,125.3,37,1,7530,23,F,28.8
P021,2024-01-21,114.0,37,1,6250,23,F,28.8
P021,2024-01-22,105.0,37,0,9270,23,F,28.8
P021,2024-01-23,133.6,37,0,8030,23,F,28.8
P021,2024-01-24,128.0,37,0,10360,23,F,28.8
P021,2024-01-25,114.7,37,0,9260,23,F,28.8
P021,2024-01-26,109.3,37,0,9280,23,F,28.8
P021,2024-01-27,113.2,37,1,9600,23,F,28.8
P021,2024-01-28,100.8,37,1,5230,23,F,28.8
P021,2024-01-29,102.9,37,0,10420,23,F,28.8
P021,2024-01-30,94.8,37,0,8150,23,F,28.8
P021,2024-01-31,114.8,37,0,5290,23,F,28.8
P021,2024-02-01,104.2,37,0,8900,23,F,28.8
P021,2024-02-02,104.0,37,0,7640,23,F,28.8
P021,2024-02-03,132.2,37,1,9640,23,F,28.8
P021,2024-02-04,108.4,37,1,5610,23,F,28.8
P021,2024-02-05,112.2,37,0,8110,23,F,28.8
P021,2024-02-06,94.7,37,0,8450,23,F,28.8
P021,2024-02-07,104.4,37,0,4500,23,F,28.8
P021,2024-02-08,126.7,37,0,8960,23,F,28.8
P021,2024-02-09,114.8,37,0,6180,23,F,28.8
P021,2024-02-10,135.4,37,1,9120,23,F,28.8
P021,2024-02-11,122.5,37,1,9600,23,F,28.8
P021,2024-02-12,111.8,37,0,8000,23,F,28.8
P021,2024-02-13,124.9,37,0,5090,23,F,28.8
P021,2024-02-14,126.1,37,0,8360,23,F,28.8
P021,2024-02-15,117.4,37,0,8340,23,F,28.8
P021,2024-02-16,120.7,37,0,9350,23,F,28.8
P021,2024-02-17,138.2,37,1,5970,23,F,28.8
P021,2024-02-18,128.1,37,1,4320,23,F,28.8
P021,2024-02-19,121.0,37,0,7760,23,F,28.8
P021,2024-02-20,110.0,37,0,6310,23,F,28.8
P021,2024-02-21,119.8,37,0,11290,23,F,28.8
P021,2024-02-22,118.1,37,0,6710,23,F,28.8
P021,2024-02-23,125.8,37,0,6820,23,F,28.8
P021,2024-02-24,146.3,37,1,6430,23,F,28.8
P021,2024-02-25,132.0,37,1,4230,23,F,28.8
P021,2024-02-26,117.7,37,0,7200,23,F,28.8
P021,2024-02-27,103.7,37,0,7770,23,F,28.8
P021,2024-02-28,106.0,37,0,7120,23,F,28.8
P021,2024-02-29,109.3,37,0,7560,23,F,28.8
P021,2024-03-01,107.0,37,0,10310,23,F,28.8
P021,2024-03-02,106.2,37,1,7320,23,F,28.8
P021,2024-03-03,115.9,37,1,4050,23,F,28.8
P021,2024-03-04,107.7,37,0,7230,23,F,28.8
P021,2024-03-05,109.5,37,0,9400,23,F,28.8
P021,2024-03-06,103.2,37,0,6820,23,F,28.8
P021,2024-03-07,119.2,37,0,8170,23,F,28.8
P021,2024-03-08,115.7,37,0,7970,23,F,28.8
P021,2024-03-09,112.9,37,1,7500,23,F,28.8
P021,2024-03-10,117.8,37,1,6190,23,F,28.8
P021,2024-03-11,99.0,37,0,7760,23,F,28.8
P021,2024-03-12,111.4,37,0,6430,23,F,28.8
P021,2024-03-13,127.7,37,0,8680,23,F,28.8
P021,2024-03-14,119.7,37,0,6310,23,F,28.8
P021,2024-03-15,126.6,37,0,11220,23,F,28.8
P021,2024-03-16,116.8,37,1,6480,23,F,28.8
P021,2024-03-17,111.4,37,1,6110,23,F,28.8
P021,2024-03-18,103.2,37,0,9470,23,F,28.8
P021,2024-03-19,101.9,37,0,7860,23,F,28.8
P021,2024-03-20,98.0,37,0,8180,23,F,28.8
P021,2024-03-21,106.0,37,0,7920,23,F,28.8
P021,2024-03-22,113.2,37,0,6680,23,F,28.8
P021,2024-03-23,136.0,37,1,4820,23,F,28.8
P021,2024-03-24,150.6,37,1,5230,23,F,28.8
P021,2024-03-25,135.7,37,0,10110,23,F,28.8
P021,2024-03-26,115.9,37,0,6860,23,F,28.8
P021,2024-03-27,119.8,37,0,7270,23,F,28.8
P021,2024-03-28,121.0,37,0,7190,23,F,28.8
P021,2024-03-29,108.6,37,0,9310,23,F,28.8
P021,2024-03-30,129.9,37,1,10170,23,F,28.8
P021,2024-03-31,131.4,37,1,4810,23,F,28.8
P021,2024-04-01,120.6,37,0,9030,23,F,28.8
P021,2024-04-02,104.3,37,0,8240,23,F,28.8
P021,2024-04-03,137.6,37,0,7460,23,F,28.8
P021,2024-04-04,134.0,37,0,8950,23,F,28.8
P021,2024-04-05,131.2,35,0,5680,23,F,28.8
P021,2024-04-06,157.8,35,1,8050,23,F,28.8
P021,2024-04-07,150.4,35,1,6930,23,F,28.8
P021,2024-04-08,131.1,35,0,6180,23,F,28.8
P021,2024-04-09,132.6,35,0,10960,23,F,28.8
P021,2024-04-10,110.2,35,0,9590,23,F,28.8
P021,2024-04-11,119.1,35,0,10160,23,F,28.8
P021,2024-04-12,103.6,35,0,5340,23,F,28.8
P021,2024-04-13,135.0,35,1,6020,23,F,28.8
P021,2024-04-14,139.7,35,1,5560,23,F,28.8
P021,2024-04-15,113.2,35,0,9170,23,F,28.8
P021,2024-04-16,126.6,35,0,10520,23,F,28.8
P021,2024-04-17,111.1,35,0,4510,23,F,28.8
P021,2024-04-18,133.5,35,0,8060,23,F,28.8
P021,2024-04-19,119.5,35,0,7790,23,F,28.8
P021,2024-04-20,136.7,35,1,8360,23,F,28.8
P021,2024-04-21,128.8,35,1,6450,23,F,28.8
P021,2024-04-22,140.1,35,0,5680,23,F,28.8
P021,2024-04-23,142.1,35,0,7660,23,F,28.8
P021,2024-04-24,144.4,35,0,6110,23,F,28.8
P021,2024-04-25,142.4,35,0,6590,23,F,28.8
P021,2024-04-26,137.2,35,0,8100,23,F,28.8
P021,2024-04-27,140.8,35,1,5630,23,F,28.8
P021,2024-04-28,137.7,35,1,7030,23,F,28.8
P021,2024-04-29,122.8,35,0,5230,23,F,28.8
P021,2024-04-30,123.6,35,0,12290,23,F,28.8
P021,2024-05-01,105.1,35,0,10340,23,F,28.8
P021,2024-05-02,96.3,35,0,9340,23,F,28.8
P021,2024-05-03,99.5,35,0,5640,23,F,28.8
P021,2024-05-04,129.2,35,1,2550,23,F,28.8
P021,2024-05-05,131.7,35,1,4930,23,F,28.8
P021,2024-05-06,117.8,35,0,7590,23,F,28.8
P021,2024-05-07,111.8,35,0,12130,23,F,28.8
P021,2024-05-08,95.4,35,0,10420,23,F,28.8
P021,2024-05-09,95.9,35,0,7050,23,F,28.8
P021,2024-05-10,102.7,35,0,10240,23,F,28.8
P021,2024-05-11,114.4,35,1,8770,23,F,28.8
P021,2024-05-12,120.5,35,1,6550,23,F,28.8
P021,2024-05-13,124.5,35,0,10260,23,F,28.8
P021,2024-05-14,107.5,35,0,8630,23,F,28.8
P021,2024-05-15,97.4,35,0,6810,23,F,28.8
P021,2024-05-16,115.5,35,0,5860,23,F,28.8
P021,2024-05-17,116.8,35,0,7790,23,F,28.8
P021,2024-05-18,129.3,35,1,8360,23,F,28.8
P021,2024-05-19,151.4,35,1,4030,23,F,28.8
P021,2024-05-20,150.8,35,0,5050,23,F,28.8
P021,2024-05-21,144.2,35,0,9030,23,F,28.8
P021,2024-05-22,136.0,35,0,3020,23,F,28.8
P021,2024-05-23,140.8,35,0,11370,23,F,28.8
P021,2024-05-24,126.1,35,0,7210,23,F,28.8
P021,2024-05-25,136.4,35,1,7870,23,F,28.8
P021,2024-05-26,126.5,35,1,9940,23,F,28.8
P021,2024-05-27,104.9,35,0,5350,23,F,28.8
P021,2024-05-28,128.4,35,0,6090,23,F,28.8
P021,2024-05-29,135.0,35,0,12150,23,F,28.8
P021,2024-05-30,109.8,35,0,7500,23,F,28.8
P021,2024-05-31,125.5,35,0,7780,23,F,28.8
P021,2024-06-01,132.0,35,1,6940,23,F,28.8
P021,2024-06-02,139.6,35,1,8460,23,F,28.8
P021,2024-06-03,114.9,35,0,10460,23,F,28.8
P022,2024-02-10,119.6,46,1,2350,44,F,18.6
P022,2024-02-11,141.0,46,1,5980,44,F,18.6
P022,2024-02-12,108.7,46,0,5980,44,F,18.6
P022,2024-02-13,109.1,46,0,7530,44,F,18.6
P022,2024-02-14,121.1,46,0,8480,44,F,18.6
P022,2024-02-15,121.4,46,0,5460,44,F,18.6
P022,2024-02-16,120.8,46,0,7210,44,F,18.6
P022,2024-02-17,145.1,46,1,6910,44,F,18.6
P022,2024-02-18,128.5,46,1,5620,44,F,18.6
P022,2024-02-19,120.6,46,0,6230,44,F,18.6
P022,2024-02-20,115.8,46,0,4900,44,F,18.6
P022,2024-02-21,121.8,46,0,5610,44,F,18.6
P022,2024-02-22,115.8,46,0,4520,44,F,18.6
P022,2024-02-23,110.4,46,0,8610,44,F,18.6
P022,2024-02-24,119.4,46,1,5510,44,F,18.6
P022,2024-02-25,115.1,46,1,3120,44,F,18.6
P022,2024-02-26,113.7,46,0,6810,44,F,18.6
P022,2024-02-27,103.9,46,0,4490,44,F,18.6
P022,2024-02-28,116.6,46,0,880,44,F,18.6
P022,2024-02-29,117.6,46,0,9000,44,F,18.6
P022,2024-03-01,95.7,46,0,8940,44,F,18.6
P022,2024-03-02,114.9,46,1,2650,44,F,18.6
P022,2024-03-03,137.1,46,1,4020,44,F,18.6
P022,2024-03-04,100.2,46,0,7190,44,F,18.6
P022,2024-03-05,99.2,46,0,6120,44,F,18.6
P022,2024-03-06,108.9,46,0,5270,44,F,18.6
P022,2024-03-07,99.3,46,0,5890,44,F,18.6
P022,2024-03-08,96.0,46,0,6380,44,F,18.6
P022,2024-03-09,120.2,46,1,4320,44,F,18.6
P022,2024-03-10,119.9,46,1,5700,44,F,18.6
P022,2024-03-11,102.4,46,0,6400,44,F,18.6
P022,2024-03-12,119.6,46,0,5440,44,F,18.6
P022,2024-03-13,112.0,46,0,6860,44,F,18.6
P022,2024-03-14,104.4,46,0,3820,44,F,18.6
P022,2024-03-15,96.4,46,0,9420,44,F,18.6
P022,2024-03-16,100.6,46,1,2170,44,F,18.6
P022,2024-03-17,114.8,46,1,5160,44,F,18.6
P022,2024-03-18,117.9,46,0,7430,44,F,18.6
P022,2024-03-19,123.2,46,0,7560,44,F,18.6
P022,2024-03-20,109.0,46,0,7280,44,F,18.6
P022,2024-03-21,126.4,46,0,9090,44,F,18.6
P022,2024-03-22,123.1,46,0,4780,44,F,18.6
P022,2024-03-23,138.0,46,1,5190,44,F,18.6
P022,2024-03-24,139.9,46,1,5580,44,F,18.6
P022,2024-03-25,122.9,46,0,5920,44,F,18.6
P022,2024-03-26,111.4,46,0,5740,44,F,18.6
P022,2024-03-27,97.0,46,0,9130,44,F,18.6
P022,2024-03-28,87.8,46,0,5530,44,F,18.6
P022,2024-03-29,100.3,46,0,5950,44,F,18.6
P022,2024-03-30,113.6,46,1,4810,44,F,18.6
P022,2024-03-31,112.8,46,1,4930,44,F,18.6
P022,2024-04-01,110.2,46,0,7100,44,F,18.6
P022,2024-04-02,96.8,46,0,6440,44,F,18.6
P022,2024-04-03,108.2,46,0,7480,44,F,18.6
P022,2024-04-04,101.6,46,0,7050,44,F,18.6
P022,2024-04-05,104.7,46,0,7670,44,F,18.6
P022,2024-04-06,109.5,46,1,7770,44,F,18.6
P022,2024-04-07,113.6,46,1,3790,44,F,18.6
P022,2024-04-08,104.6,46,0,9780,44,F,18.6
P022,2024-04-09,83.6,46,0,6000,44,F,18.6
P022,2024-04-10,99.8,46,0,8000,44,F,18.6
P022,2024-04-11,101.2,46,0,7090,44,F,18.6
P022,2024-04-12,113.6,46,0,6270,44,F,18.6
P022,2024-04-13,131.5,46,1,1780,44,F,18.6
P022,2024-04-14,131.9,46,1,8200,44,F,18.6
P022,2024-04-15,103.2,46,0,5440,44,F,18.6
P022,2024-04-16,92.9,46,0,5390,44,F,18.6
P022,2024-04-17,94.2,46,0,8710,44,F,18.6
P022,2024-04-18,107.3,46,0,6940,44,F,18.6
P022,2024-04-19,124.1,46,0,10220,44,F,18.6
P022,2024-04-20,133.3,46,1,8330,44,F,18.6
P022,2024-04-21,134.2,46,1,6580,44,F,18.6
P022,2024-04-22,123.7,46,0,7260,44,F,18.6
P022,2024-04-23,121.2,46,0,8170,44,F,18.6
P022,2024-04-24,100.7,46,0,4440,44,F,18.6
P022,2024-04-25,103.3,46,0,7110,44,F,18.6
P022,2024-04-26,110.8,46,0,7070,44,F,18.6
P022,2024-04-27,132.3,46,1,4460,44,F,18.6
P022,2024-04-28,134.1,46,1,5760,44,F,18.6
P022,2024-04-29,111.0,46,0,4180,44,F,18.6
P022,2024-04-30,109.5,46,0,8420,44,F,18.6
P022,2024-05-01,96.9,46,0,9110,44,F,18.6
P022,2024-05-02,90.0,46,0,4480,44,F,18.6
P022,2024-05-03,88.2,46,0,7060,44,F,18.6
P022,2024-05-04,107.1,46,1,8070,44,F,18.6
P022,2024-05-05,106.6,46,1,6050,44,F,18.6
P022,2024-05-06,99.8,46,0,4950,44,F,18.6
P022,2024-05-07,119.5,46,0,5030,44,F,18.6
P022,2024-05-08,121.4,46,0,8330,44,F,18.6
P022,2024-05-09,106.3,46,0,10080,44,F,18.6
P022,2024-05-10,110.5,44,0,4850,44,F,18.6
P022,2024-05-11,122.2,44,1,5370,44,F,18.6
P022,2024-05-12,134.0,44,1,3910,44,F,18.6
P022,2024-05-13,124.8,44,0,6290,44,F,18.6
P022,2024-05-14,117.7,44,0,7350,44,F,18.6
P022,2024-05-15,120.4,44,0,6720,44,F,18.6
P022,2024-05-16,131.6,44,0,5570,44,F,18.6
P022,2024-05-17,124.7,44,0,10560,44,F,18.6
P022,2024-05-18,118.9,44,1,5010,44,F,18.6
P022,2024-05-19,148.4,44,1,4970,44,F,18.6
P022,2024-05-20,128.6,44,0,8780,44,F,18.6
P022,2024-05-21,124.4,48,0,6820,44,F,18.6
P022,2024-05-22,115.5,48,0,6430,44,F,18.6
P022,2024-05-23,116.4,48,0,8490,44,F,18.6
P022,2024-05-24,103.9,48,0,4950,44,F,18.6
P022,2024-05-25,129.6,48,1,6630,44,F,18.6
P022,2024-05-26,121.4,48,1,7140,44,F,18.6
P022,2024-05-27,99.9,48,0,7980,44,F,18.6
P022,2024-05-28,111.7,48,0,6480,44,F,18.6
P022,2024-05-29,112.9,48,0,6780,44,F,18.6
P022,2024-05-30,92.4,48,0,3730,44,F,18.6
P022,2024-05-31,100.6,48,0,6560,44,F,18.6
P022,2024-06-01,104.9,48,1,5810,44,F,18.6
P022,2024-06-02,101.7,48,1,6840,44,F,18.6
P022,2024-06-03,88.1,48,0,7050,44,F,18.6
P022,2024-06-04,90.3,48,0,6100,44,F,18.6
P022,2024-06-05,98.1,48,0,5300,44,F,18.6
P022,2024-06-06,97.1,48,0,6710,44,F,18.6
P022,2024-06-07,84.8,48,0,7030,44,F,18.6
P022,2024-06-08,103.3,48,1,7450,44,F,18.6
P022,2024-06-09,117.3,48,1,5310,44,F,18.6
P022,2024-06-10,99.1,48,0,5900,44,F,18.6
P022,2024-06-11,108.9,48,0,6600,44,F,18.6
P022,2024-06-12,113.1,48,0,5930,44,F,18.6
P022,2024-06-13,108.7,50,0,6380,44,F,18.6
P022,2024-06-14,111.8,50,0,2860,44,F,18.6
P022,2024-06-15,126.9,50,1,2450,44,F,18.6
P022,2024-06-16,126.9,50,1,3170,44,F,18.6
P022,2024-06-17,105.9,50,0,7620,44,F,18.6
P022,2024-06-18,105.2,50,0,6650,44,F,18.6
P022,2024-06-19,119.0,50,0,7060,44,F,18.6
P022,2024-06-20,108.6,50,0,8860,44,F,18.6
P022,2024-06-21,113.8,50,0,4940,44,F,18.6
P022,2024-06-22,114.0,50,1,7330,44,F,18.6
P022,2024-06-23,105.7,50,1,5980,44,F,18.6
P022,2024-06-24,90.9,50,0,5520,44,F,18.6
P022,2024-06-25,110.9,50,0,9440,44,F,18.6
P022,2024-06-26,95.9,50,0,4250,44,F,18.6
P022,2024-06-27,112.5,50,0,4790,44,F,18.6
P022,2024-06-28,92.4,50,0,6420,44,F,18.6
P022,2024-06-29,108.8,50,1,6010,44,F,18.6
P022,2024-06-30,116.6,50,1,4950,44,F,18.6
P022,2024-07-01,104.1,50,0,2990,44,F,18.6
P022,2024-07-02,86.4,50,0,6260,44,F,18.6
P022,2024-07-03,90.2,50,0,6640,44,F,18.6
P022,2024-07-04,101.0,50,0,11320,44,F,18.6
P022,2024-07-05,103.0,50,0,9240,44,F,18.6
P022,2024-07-06,121.0,50,1,5510,44,F,18.6
P022,2024-07-07,114.4,48,1,3350,44,F,18.6
P022,2024-07-08,107.2,48,0,7400,44,F,18.6
P022,2024-07-09,109.9,48,0,4720,44,F,18.6
P022,2024-07-10,108.4,48,0,7150,44,F,18.6
P022,2024-07-11,110.9,48,0,7440,44,F,18.6
P022,2024-07-12,106.7,48,0,6080,44,F,18.6
P022,2024-07-13,126.0,48,1,5730,44,F,18.6
P022,2024-07-14,133.7,48,1,4700,44,F,18.6
P022,2024-07-15,114.3,48,0,5770,44,F,18.6
P022,2024-07-16,136.2,48,0,9520,44,F,18.6
P022,2024-07-17,121.3,48,0,7820,44,F,18.6
P023,2024-01-23,126.6,38,0,8190,54,F,24.0
P023,2024-01-24,123.6,38,0,3670,54,F,24.0
P023,2024-01-25,130.2,38,0,7970,54,F,24.0
P023,2024-01-26,119.9,38,0,5430,54,F,24.0
P023,2024-01-27,137.4,38,1,2980,54,F,24.0
P023,2024-01-28,149.3,38,1,3080,54,F,24.0
P023,2024-01-29,135.5,38,0,4850,54,F,24.0
P023,2024-01-30,133.7,38,0,4650,54,F,24.0
P023,2024-01-31,139.2,38,0,6660,54,F,24.0
P023,2024-02-01,132.7,38,0,2810,54,F,24.0
P023,2024-02-02,128.2,38,0,8400,54,F,24.0
P023,2024-02-03,127.9,38,1,6180,54,F,24.0
P023,2024-02-04,127.4,38,1,7170,54,F,24.0
P023,2024-02-05,101.8,38,0,4410,54,F,24.0
P023,2024-02-06,117.1,38,0,2000,54,F,24.0
P023,2024-02-07,117.0,38,0,5050,54,F,24.0
P023,2024-02-08,106.8,38,0,5870,54,F,24.0
P023,2024-02-09,104.0,38,0,6720,54,F,24.0
P023,2024-02-10,130.9,38,1,3740,54,F,24.0
P023,2024-02-11,135.9,38,1,4520,54,F,24.0
P023,2024-02-12,130.1,38,0,6440,54,F,24.0
P023,2024-02-13,123.3,38,0,3390,54,F,24.0
P023,2024-02-14,124.9,38,0,9420,54,F,24.0
P023,2024-02-15,118.3,38,0,4160,54,F,24.0
P023,2024-02-16,132.6,38,0,6650,54,F,24.0
P023,2024-02-17,140.3,38,1,6620,54,F,24.0
P023,2024-02-18,130.7,38,1,3270,54,F,24.0
P023,2024-02-19,122.7,38,0,6180,54,F,24.0
P023,2024-02-20,111.0,38,0,9120,54,F,24.0
P023,2024-02-21,109.5,38,0,5670,54,F,24.0
P023,2024-02-22,122.3,38,0,8060,54,F,24.0
P023,2024-02-23,132.5,38,0,6700,54,F,24.0
P023,2024-02-24,158.1,38,1,5090,54,F,24.0
P023,2024-02-25,161.0,38,1,5970,54,F,24.0
P023,2024-02-26,147.6,38,0,5760,54,F,24.0
P023,2024-02-27,143.7,38,0,5800,54,F,24.0
P023,2024-02-28,161.4,38,0,7910,54,F,24.0
P023,2024-02-29,157.9,38,0,6650,54,F,24.0
P023,2024-03-01,169.7,38,0,7080,54,F,24.0
P023,2024-03-02,170.0,38,1,2530,54,F,24.0
P023,2024-03-03,171.4,38,1,4710,54,F,24.0
P023,2024-03-04,153.2,38,0,8360,54,F,24.0
P023,2024-03-05,138.6,38,0,7800,54,F,24.0
P023,2024-03-06,135.9,38,0,6800,54,F,24.0
P023,2024-03-07,124.8,38,0,5250,54,F,24.0
P023,2024-03-08,135.0,38,0,5080,54,F,24.0
P023,2024-03-09,146.8,38,1,5470,54,F,24.0
P023,2024-03-10,149.4,38,1,7240,54,F,24.0
P023,2024-03-11,125.4,38,0,6260,54,F,24.0
P023,2024-03-12,110.8,38,0,8530,54,F,24.0
P023,2024-03-13,114.4,38,0,5650,54,F,24.0
P023,2024-03-14,130.3,38,0,8350,54,F,24.0
P023,2024-03-15,111.5,38,0,4390,54,F,24.0
P023,2024-03-16,127.9,38,1,5020,54,F,24.0
P023,2024-03-17,129.0,38,1,2770,54,F,24.0
P023,2024-03-18,121.6,38,0,7370,54,F,24.0
P023,2024-03-19,102.4,38,0,7220,54,F,24.0
P023,2024-03-20,124.7,38,0,4480,54,F,24.0
P023,2024-03-21,137.9,38,0,4850,54,F,24.0
P023,2024-03-22,129.2,38,0,5390,54,F,24.0
P023,2024-03-23,128.3,38,1,2010,54,F,24.0
P023,2024-03-24,144.5,38,1,3020,54,F,24.0
P023,2024-03-25,147.5,38,0,4630,54,F,24.0
P023,2024-03-26,146.8,38,0,7590,54,F,24.0
P023,2024-03-27,145.2,38,0,8680,54,F,24.0
P023,2024-03-28,129.0,38,0,5390,54,F,24.0
P023,2024-03-29,136.6,38,0,5670,54,F,24.0
P023,2024-03-30,136.8,38,1,5070,54,F,24.0
P023,2024-03-31,157.7,38,1,3750,54,F,24.0
P023,2024-04-01,146.7,38,0,5690,54,F,24.0
P023,2024-04-02,121.3,38,0,7690,54,F,24.0
P023,2024-04-03,106.1,38,0,6600,54,F,24.0
P023,2024-04-04,119.8,38,0,6030,54,F,24.0
P023,2024-04-05,124.7,38,0,5160,54,F,24.0
P023,2024-04-06,138.6,38,1,7330,54,F,24.0
P023,2024-04-07,140.1,38,1,3580,54,F,24.0
P023,2024-04-08,147.9,38,0,6410,54,F,24.0
P023,2024-04-09,137.3,38,0,4330,54,F,24.0
P023,2024-04-10,120.8,38,0,5120,54,F,24.0
P023,2024-04-11,119.8,38,0,6360,54,F,24.0
P023,2024-04-12,108.2,38,0,5480,54,F,24.0
P023,2024-04-13,122.6,38,1,5650,54,F,24.0
P023,2024-04-14,130.4,38,1,4810,54,F,24.0
P023,2024-04-15,119.2,38,0,3700,54,F,24.0
P023,2024-04-16,115.1,38,0,2040,54,F,24.0
P023,2024-04-17,123.3,38,0,7980,54,F,24.0
P023,2024-04-18,108.3,38,0,5140,54,F,24.0
P023,2024-04-19,123.3,38,0,8850,54,F,24.0
P023,2024-04-20,129.8,38,1,4710,54,F,24.0
P023,2024-04-21,143.5,38,1,3310,54,F,24.0
P023,2024-04-22,130.7,38,0,7190,54,F,24.0
P023,2024-04-23,130.5,38,0,5700,54,F,24.0
P023,2024-04-24,131.4,38,0,6210,54,F,24.0
P023,2024-04-25,130.3,38,0,4520,54,F,24.0
P023,2024-04-26,129.5,38,0,7330,54,F,24.0
P023,2024-04-27,141.2,38,1,6650,54,F,24.0
P023,2024-04-28,129.3,38,1,3740,54,F,24.0
P023,2024-04-29,148.6,38,0,9390,54,F,24.0
P023,2024-04-30,126.9,38,0,5160,54,F,24.0
P023,2024-05-01,135.1,38,0,6630,54,F,24.0
P023,2024-05-02,127.2,38,0,3240,54,F,24.0
P023,2024-05-03,130.5,38,0,2730,54,F,24.0
P023,2024-05-04,150.1,38,1,8460,54,F,24.0
P023,2024-05-05,129.3,42,1,7250,54,F,24.0
P023,2024-05-06,114.9,42,0,8250,54,F,24.0
P023,2024-05-07,103.2,42,0,3130,54,F,24.0
P023,2024-05-08,110.8,42,0,6590,54,F,24.0
P023,2024-05-09,100.0,42,0,6940,54,F,24.0
P023,2024-05-10,120.4,42,0,6330,54,F,24.0
P023,2024-05-11,123.0,42,1,5220,54,F,24.0
P023,2024-05-12,121.7,40,1,3030,54,F,24.0
P023,2024-05-13,118.8,40,0,5900,54,F,24.0
P023,2024-05-14,127.0,40,0,4130,54,F,24.0
P023,2024-05-15,114.0,40,0,5560,54,F,24.0
P023,2024-05-16,102.7,40,0,6850,54,F,24.0
P023,2024-05-17,108.6,40,0,4780,54,F,24.0
P023,2024-05-18,134.0,40,1,4180,54,F,24.0
P023,2024-05-19,125.9,40,1,3910,54,F,24.0
P023,2024-05-20,104.2,40,0,6210,54,F,24.0
P023,2024-05-21,101.8,40,0,7840,54,F,24.0
P023,2024-05-22,114.0,40,0,6610,54,F,24.0
P024,2024-02-13,100.4,61,0,7170,28,F,29.5
P024,2024-02-14,109.3,61,0,11840,28,F,29.5
P024,2024-02-15,103.7,61,0,7800,28,F,29.5
P024,2024-02-16,130.7,61,0,5830,28,F,29.5
P024,2024-02-17,142.6,61,1,7240,28,F,29.5
P024,2024-02-18,147.8,61,1,6700,28,F,29.5
P024,2024-02-19,140.5,61,0,9180,28,F,29.5
P024,2024-02-20,146.2,61,0,7270,28,F,29.5
P024,2024-02-21,137.4,61,0,10030,28,F,29.5
P024,2024-02-22,132.3,61,0,6660,28,F,29.5
P024,2024-02-23,120.4,61,0,7910,28,F,29.5
P024,2024-02-24,123.7,61,1,3910,28,F,29.5
P024,2024-02-25,133.2,61,1,4720,28,F,29.5
P024,2024-02-26,120.1,61,0,8040,28,F,29.5
P024,2024-02-27,104.8,61,0,6480,28,F,29.5
P024,2024-02-28,108.8,61,0,6860,28,F,29.5
P024,2024-02-29,117.3,61,0,7300,28,F,29.5
P024,2024-03-01,112.1,61,0,8130,28,F,29.5
P024,2024-03-02,124.0,61,1,7560,28,F,29.5
P024,2024-03-03,118.7,61,1,7570,28,F,29.5
P024,2024-03-04,119.2,61,0,9530,28,F,29.5
P024,2024-03-05,127.2,61,0,8050,28,F,29.5
P024,2024-03-06,124.5,61,0,6690,28,F,29.5
P024,2024-03-07,121.3,61,0,4800,28,F,29.5
P024,2024-03-08,136.4,61,0,7050,28,F,29.5
P024,2024-03-09,143.2,61,1,4730,28,F,29.5
P024,2024-03-10,137.2,61,1,2880,28,F,29.5
P024,2024-03-11,115.3,61,0,10670,28,F,29.5
P024,2024-03-12,99.5,61,0,4330,28,F,29.5
P024,2024-03-13,135.3,61,0,8320,28,F,29.5
P024,2024-03-14,118.8,61,0,8690,28,F,29.5
P024,2024-03-15,141.9,61,0,7250,28,F,29.5
P024,2024-03-16,149.7,61,1,10880,28,F,29.5
P024,2024-03-17,135.6,61,1,6220,28,F,29.5
P024,2024-03-18,139.7,61,0,6290,28,F,29.5
P024,2024-03-19,132.1,61,0,10880,28,F,29.5
P024,2024-03-20,123.6,61,0,6220,28,F,29.5
P024,2024-03-21,121.6,61,0,5070,28,F,29.5
P024,2024-03-22,115.4,61,0,5850,28,F,29.5
P024,2024-03-23,126.6,61,1,5010,28,F,29.5
P024,2024-03-24,135.2,61,1,6260,28,F,29.5
P024,2024-03-25,115.2,61,0,8290,28,F,29.5
P024,2024-03-26,97.9,61,0,4910,28,F,29.5
P024,2024-03-27,116.4,61,0,8320,28,F,29.5
P024,2024-03-28,110.8,61,0,11750,28,F,29.5
P024,2024-03-29,103.4,61,0,6380,28,F,29.5
P024,2024-03-30,124.6,61,1,5940,28,F,29.5
P024,2024-03-31,109.5,61,1,7450,28,F,29.5
P024,2024-04-01,114.2,61,0,9880,28,F,29.5
P024,2024-04-02,105.1,61,0,6460,28,F,29.5
P024,2024-04-03,117.5,61,0,5920,28,F,29.5
P024,2024-04-04,129.0,61,0,5840,28,F,29.5
P024,2024-04-05,133.3,61,0,9680,28,F,29.5
P024,2024-04-06,134.6,61,1,7820,28,F,29.5
P024,2024-04-07,134.0,61,1,2230,28,F,29.5
P024,2024-04-08,131.2,61,0,3770,28,F,29.5
P024,2024-04-09,133.5,61,0,5420,28,F,29.5
P024,2024-04-10,131.2,61,0,4940,28,F,29.5
P024,2024-04-11,126.9,59,0,8430,28,F,29.5
P024,2024-04-12,123.3,59,0,8080,28,F,29.5
P024,2024-04-13,139.8,59,1,9760,28,F,29.5
P024,2024-04-14,140.6,59,1,7630,28,F,29.5
P024,2024-04-15,129.7,59,0,7900,28,F,29.5
P024,2024-04-16,138.4,59,0,9840,28,F,29.5
P024,2024-04-17,130.6,59,0,6050,28,F,29.5
P024,2024-04-18,141.7,59,0,5130,28,F,29.5
P024,2024-04-19,138.7,59,0,7740,28,F,29.5
P024,2024-04-20,139.5,59,1,7900,28,F,29.5
P024,2024-04-21,131.2,59,1,3220,28,F,29.5
P024,2024-04-22,128.0,59,0,9310,28,F,29.5
P024,2024-04-23,122.1,59,0,9250,28,F,29.5
P024,2024-04-24,131.7,59,0,6770,28,F,29.5
P024,2024-04-25,130.7,59,0,7990,28,F,29.5
P024,2024-04-26,120.8,59,0,7180,28,F,29.5
P024,2024-04-27,131.6,59,1,6330,28,F,29.5
P024,2024-04-28,144.7,59,1,7660,28,F,29.5
P024,2024-04-29,124.7,59,0,6210,28,F,29.5
P024,2024-04-30,120.3,59,0,9580,28,F,29.5
P024,2024-05-01,119.0,59,0,9270,28,F,29.5
P024,2024-05-02,105.8,59,0,9340,28,F,29.5
P024,2024-05-03,109.0,59,0,4080,28,F,29.5
P024,2024-05-04,134.1,59,1,2780,28,F,29.5
P024,2024-05-05,136.4,59,1,7450,28,F,29.5
P024,2024-05-06,104.6,59,0,6610,28,F,29.5
P024,2024-05-07,119.0,59,0,6420,28,F,29.5
P024,2024-05-08,133.0,59,0,6280,28,F,29.5
P024,2024-05-09,117.2,59,0,5230,28,F,29.5
P024,2024-05-10,124.1,57,0,7160,28,F,29.5
P024,2024-05-11,140.5,57,1,4860,28,F,29.5
P024,2024-05-12,162.6,57,1,4980,28,F,29.5
P024,2024-05-13,137.3,57,0,8560,28,F,29.5
P024,2024-05-14,119.6,57,0,5520,28,F,29.5
P024,2024-05-15,127.4,57,0,9740,28,F,29.5
P024,2024-05-16,136.9,57,0,3610,28,F,29.5
P024,2024-05-17,144.2,57,0,12270,28,F,29.5
P024,2024-05-18,139.7,57,1,3690,28,F,29.5
P024,2024-05-19,168.6,57,1,7250,28,F,29.5
P024,2024-05-20,122.4,57,0,9350,28,F,29.5
P024,2024-05-21,102.7,57,0,7670,28,F,29.5
P024,2024-05-22,121.8,57,0,9040,28,F,29.5
P024,2024-05-23,127.1,57,0,7480,28,F,29.5
P024,2024-05-24,117.0,57,0,4450,28,F,29.5
P024,2024-05-25,144.3,57,1,6810,28,F,29.5
P024,2024-05-26,139.6,57,1,8270,28,F,29.5
P024,2024-05-27,123.7,57,0,6670,28,F,29.5
P024,2024-05-28,118.7,57,0,4570,28,F,29.5
P024,2024-05-29,120.4,57,0,6580,28,F,29.5
P024,2024-05-30,111.1,57,0,8270,28,F,29.5
P024,2024-05-31,111.8,57,0,8230,28,F,29.5
P024,2024-06-01,125.8,57,1,8200,28,F,29.5
P024,2024-06-02,141.3,57,1,7200,28,F,29.5
P024,2024-06-03,129.9,57,0,8610,28,F,29.5
P024,2024-06-04,109.4,57,0,4010,28,F,29.5
P024,2024-06-05,120.1,61,0,11760,28,F,29.5
P024,2024-06-06,116.7,61,0,7770,28,F,29.5
P024,2024-06-07,122.7,61,0,9260,28,F,29.5
P024,2024-06-08,139.6,61,1,5540,28,F,29.5
P024,2024-06-09,141.7,61,1,5900,28,F,29.5
P024,2024-06-10,130.3,61,0,7790,28,F,29.5
P024,2024-06-11,115.5,61,0,10570,28,F,29.5
P024,2024-06-12,117.9,61,0,10460,28,F,29.5
P024,2024-06-13,105.6,61,0,8810,28,F,29.5
P025,2024-01-05,120.7,29,0,6690,44,F,24.2
P025,2024-01-06,142.2,29,1,5090,44,F,24.2
P025,2024-01-07,138.3,29,1,5610,44,F,24.2
P025,2024-01-08,129.7,29,0,6830,44,F,24.2
P025,2024-01-09,133.9,29,0,6560,44,F,24.2
P025,2024-01-10,139.7,29,0,4730,44,F,24.2
P025,2024-01-11,136.9,29,0,4730,44,F,24.2
P025,2024-01-12,133.5,29,0,5720,44,F,24.2
P025,2024-01-13,130.4,29,1,4720,44,F,24.2
P025,2024-01-14,136.7,29,1,3080,44,F,24.2
P025,2024-01-15,130.3,29,0,4620,44,F,24.2
P025,2024-01-16,138.7,29,0,6240,44,F,24.2
P025,2024-01-17,120.1,29,0,8120,44,F,24.2
P025,2024-01-18,110.2,29,0,6410,44,F,24.2
P025,2024-01-19,108.2,29,0,8010,44,F,24.2
P025,2024-01-20,130.7,29,1,7050,44,F,24.2
P025,2024-01-21,111.5,29,1,6670,44,F,24.2
P025,2024-01-22,96.9,29,0,5980,44,F,24.2
P025,2024-01-23,122.6,29,0,6020,44,F,24.2
P025,2024-01-24,125.5,29,0,3330,44,F,24.2
P025,2024-01-25,116.5,29,0,5500,44,F,24.2
P025,2024-01-26,113.7,29,0,7620,44,F,24.2
P025,2024-01-27,131.8,29,1,3260,44,F,24.2
P025,2024-01-28,143.2,29,1,7750,44,F,24.2
P025,2024-01-29,115.8,29,0,9400,44,F,24.2
P025,2024-01-30,105.6,29,0,6080,44,F,24.2
P025,2024-01-31,121.5,29,0,8450,44,F,24.2
P025,2024-02-01,116.0,29,0,4150,44,F,24.2
P025,2024-02-02,131.2,29,0,4830,44,F,24.2
P025,2024-02-03,144.9,29,1,4580,44,F,24.2
P025,2024-02-04,139.5,29,1,5280,44,F,24.2
P025,2024-02-05,136.4,29,0,6420,44,F,24.2
P025,2024-02-06,126.2,29,0,5170,44,F,24.2
P025,2024-02-07,131.7,29,0,10370,44,F,24.2
P025,2024-02-08,114.8,29,0,7300,44,F,24.2
P025,2024-02-09,120.4,29,0,7290,44,F,24.2
P025,2024-02-10,134.0,29,1,6510,44,F,24.2
P025,2024-02-11,132.0,29,1,5580,44,F,24.2
P025,2024-02-12,124.8,29,0,6330,44,F,24.2
P025,2024-02-13,134.7,29,0,5740,44,F,24.2
P025,2024-02-14,146.9,29,0,3750,44,F,24.2
P025,2024-02-15,153.7,29,0,9510,44,F,24.2
P025,2024-02-16,130.5,29,0,5070,44,F,24.2
P025,2024-02-17,159.1,29,1,2200,44,F,24.2
P025,2024-02-18,159.4,29,1,3780,44,F,24.2
P025,2024-02-19,149.7,29,0,3820,44,F,24.2
P025,2024-02-20,128.9,29,0,10420,44,F,24.2
P025,2024-02-21,125.1,29,0,7430,44,F,24.2
P025,2024-02-22,119.6,29,0,9350,44,F,24.2
P025,2024-02-23,122.8,29,0,9430,44,F,24.2
P025,2024-02-24,127.7,29,1,6300,44,F,24.2
P025,2024-02-25,139.6,29,1,6310,44,F,24.2
P025,2024-02-26,119.4,29,0,5430,44,F,24.2
P025,2024-02-27,104.6,29,0,6610,44,F,24.2
P025,2024-02-28,100.0,29,0,5650,44,F,24.2
P025,2024-02-29,106.6,29,0,6840,44,F,24.2
P025,2024-03-01,109.6,29,0,5470,44,F,24.2
P025,2024-03-02,111.7,29,1,7590,44,F,24.2
P025,2024-03-03,107.5,29,1,6660,44,F,24.2
P025,2024-03-04,99.7,29,0,6560,44,F,24.2
P025,2024-03-05,107.0,29,0,3690,44,F,24.2
P025,2024-03-06,121.0,29,0,8020,44,F,24.2
P025,2024-03-07,109.2,29,0,8380,44,F,24.2
P025,2024-03-08,101.4,29,0,6630,44,F,24.2
P025,2024-03-09,129.5,29,1,2940,44,F,24.2
P025,2024-03-10,138.2,29,1,6050,44,F,24.2
P025,2024-03-11,128.7,29,0,8690,44,F,24.2
P025,2024-03-12,118.5,29,0,3240,44,F,24.2
P025,2024-03-13,135.7,29,0,7800,44,F,24.2
P025,2024-03-14,117.8,29,0,3430,44,F,24.2
P025,2024-03-15,130.3,29,0,6900,44,F,24.2
P025,2024-03-16,137.8,29,1,8470,44,F,24.2
P025,2024-03-17,137.4,29,1,5430,44,F,24.2
P025,2024-03-18,117.3,31,0,7640,44,F,24.2
P025,2024-03-19,113.1,31,0,6170,44,F,24.2
P025,2024-03-20,109.8,31,0,6750,44,F,24.2
P025,2024-03-21,110.0,31,0,11080,44,F,24.2
P025,2024-03-22,108.1,31,0,9210,44,F,24.2
P025,2024-03-23,148.7,31,1,4680,44,F,24.2
P025,2024-03-24,147.4,31,1,4560,44,F,24.2
P025,2024-03-25,132.8,31,0,6790,44,F,24.2
P025,2024-03-26,122.9,31,0,10790,44,F,24.2
P025,2024-03-27,119.9,31,0,7140,44,F,24.2
P025,2024-03-28,124.9,31,0,8800,44,F,24.2
P025,2024-03-29,125.2,31,0,6090,44,F,24.2
P025,2024-03-30,141.4,31,1,2920,44,F,24.2
P025,2024-03-31,162.7,31,1,7690,44,F,24.2
P025,2024-04-01,140.3,31,0,6620,44,F,24.2
P025,2024-04-02,118.8,31,0,5320,44,F,24.2
P025,2024-04-03,126.0,29,0,5490,44,F,24.2
P025,2024-04-04,125.7,29,0,5530,44,F,24.2
P025,2024-04-05,107.7,29,0,5650,44,F,24.2
P025,2024-04-06,121.9,29,1,2440,44,F,24.2
P025,2024-04-07,132.1,29,1,7460,44,F,24.2
P025,2024-04-08,108.4,29,0,7460,44,F,24.2
P025,2024-04-09,115.7,29,0,8550,44,F,24.2
P025,2024-04-10,102.5,29,0,6130,44,F,24.2
P025,2024-04-11,121.1,29,0,7400,44,F,24.2
P025,2024-04-12,126.9,29,0,7070,44,F,24.2
P025,2024-04-13,143.0,29,1,7410,44,F,24.2
P025,2024-04-14,137.4,29,1,6750,44,F,24.2
P025,2024-04-15,124.1,29,0,7420,44,F,24.2
P025,2024-04-16,118.2,29,0,5570,44,F,24.2
P025,2024-04-17,131.6,29,0,4560,44,F,24.2
P025,2024-04-18,133.9,29,0,5290,44,F,24.2
P025,2024-04-19,144.1,29,0,5600,44,F,24.2
P025,2024-04-20,145.1,29,1,4270,44,F,24.2
P025,2024-04-21,154.6,29,1,2990,44,F,24.2
P025,2024-04-22,130.7,29,0,9800,44,F,24.2
P025,2024-04-23,112.6,29,0,7250,44,F,24.2
P025,2024-04-24,107.8,29,0,3070,44,F,24.2
P025,2024-04-25,122.8,29,0,4760,44,F,24.2
P025,2024-04-26,118.7,29,0,4310,44,F,24.2
P025,2024-04-27,138.8,29,1,5700,44,F,24.2
P025,2024-04-28,146.4,29,1,7210,44,F,24.2
P025,2024-04-29,123.4,29,0,4950,44,F,24.2
P025,2024-04-30,128.3,29,0,7890,44,F,24.2
P025,2024-05-01,127.1,29,0,6250,44,F,24.2
P025,2024-05-02,126.0,29,0,8860,44,F,24.2
P025,2024-05-03,114.7,29,0,9260,44,F,24.2
P025,2024-05-04,131.9,29,1,5830,44,F,24.2
P025,2024-05-05,142.8,29,1,6570,44,F,24.2
P025,2024-05-06,132.3,29,0,6750,44,F,24.2
P026,2024-01-02,136.8,27,0,4280,60,F,25.7
P026,2024-01-03,135.5,27,0,4540,60,F,25.7
P026,2024-01-04,135.7,27,0,6490,60,F,25.7
P026,2024-01-05,138.0,27,0,5090,60,F,25.7
P026,2024-01-06,148.5,27,1,4270,60,F,25.7
P026,2024-01-07,157.3,27,1,6080,60,F,25.7
P026,2024-01-08,150.0,27,0,6600,60,F,25.7
P026,2024-01-09,136.5,27,0,9170,60,F,25.7
P026,2024-01-10,114.5,27,0,6420,60,F,25.7
P026,2024-01-11,128.4,27,0,8970,60,F,25.7
P026,2024-01-12,119.2,27,0,7810,60,F,25.7
P026,2024-01-13,142.3,27,1,8980,60,F,25.7
P026,2024-01-14,138.6,27,1,4440,60,F,25.7
P026,2024-01-15,138.5,27,0,5760,60,F,25.7
P026,2024-01-16,144.8,27,0,8260,60,F,25.7
P026,2024-01-17,142.3,27,0,5000,60,F,25.7
P026,2024-01-18,140.5,27,0,5090,60,F,25.7
P026,2024-01-19,128.5,27,0,6370,60,F,25.7
P026,2024-01-20,122.2,27,1,5100,60,F,25.7
P026,2024-01-21,116.2,27,1,1920,60,F,25.7
P026,2024-01-22,114.3,27,0,6390,60,F,25.7
P026,2024-01-23,115.8,27,0,5380,60,F,25.7
P026,2024-01-24,117.9,27,0,5890,60,F,25.7
P026,2024-01-25,117.7,27,0,6260,60,F,25.7
P026,2024-01-26,109.7,27,0,5600,60,F,25.7
P026,2024-01-27,120.6,27,1,6370,60,F,25.7
P026,2024-01-28,116.1,27,1,5320,60,F,25.7
P026,2024-01-29,121.4,27,0,5610,60,F,25.7
P026,2024-01-30,110.9,27,0,6090,60,F,25.7
P026,2024-01-31,125.6,27,0,7820,60,F,25.7
P026,2024-02-01,119.3,27,0,7360,60,F,25.7
P026,2024-02-02,130.4,27,0,8230,60,F,25.7
P026,2024-02-03,146.7,27,1,4210,60,F,25.7
P026,2024-02-04,161.6,27,1,4710,60,F,25.7
P026,2024-02-05,154.3,27,0,9570,60,F,25.7
P026,2024-02-06,133.7,27,0,5900,60,F,25.7
P026,2024-02-07,133.1,27,0,8980,60,F,25.7
P026,2024-02-08,126.3,27,0,7480,60,F,25.7
P026,2024-02-09,126.1,27,0,5210,60,F,25.7
P026,2024-02-10,153.9,27,1,1970,60,F,25.7
P026,2024-02-11,159.4,27,1,5610,60,F,25.7
P026,2024-02-12,138.1,27,0,4720,60,F,25.7
P026,2024-02-13,142.7,27,0,4710,60,F,25.7
P026,2024-02-14,137.0,27,0,2880,60,F,25.7
P026,2024-02-15,149.1,27,0,8100,60,F,25.7
P026,2024-02-16,120.0,27,0,6160,60,F,25.7
P026,2024-02-17,142.7,27,1,4530,60,F,25.7
P026,2024-02-18,150.6,27,1,5190,60,F,25.7
P026,2024-02-19,127.7,27,0,6420,60,F,25.7
P026,2024-02-20,121.0,27,0,6150,60,F,25.7
P026,2024-02-21,131.6,27,0,6910,60,F,25.7
P026,2024-02-22,126.3,27,0,5490,60,F,25.7
P026,2024-02-23,114.1,27,0,1370,60,F,25.7
P026,2024-02-24,132.1,27,1,5810,60,F,25.7
P026,2024-02-25,139.5,27,1,5250,60,F,25.7
P026,2024-02-26,121.7,27,0,6030,60,F,25.7
P026,2024-02-27,135.0,27,0,8830,60,F,25.7
P026,2024-02-28,139.2,27,0,3490,60,F,25.7
P026,2024-02-29,143.7,27,0,810,60,F,25.7
P026,2024-03-01,151.7,27,0,8650,60,F,25.7
P026,2024-03-02,141.1,27,1,5230,60,F,25.7
P026,2024-03-03,146.4,27,1,1550,60,F,25.7
P026,2024-03-04,136.9,27,0,5260,60,F,25.7
P026,2024-03-05,138.3,27,0,7100,60,F,25.7
P026,2024-03-06,125.2,27,0,3820,60,F,25.7
P026,2024-03-07,135.5,27,0,6980,60,F,25.7
P026,2024-03-08,132.8,27,0,9770,60,F,25.7
P026,2024-03-09,147.1,27,1,6970,60,F,25.7
P026,2024-03-10,135.1,27,1,4430,60,F,25.7
P026,2024-03-11,118.1,27,0,6570,60,F,25.7
P026,2024-03-12,115.9,27,0,4290,60,F,25.7
P026,2024-03-13,126.5,27,0,6220,60,F,25.7
P026,2024-03-14,128.8,27,0,5390,60,F,25.7
P026,2024-03-15,134.1,27,0,4210,60,F,25.7
P026,2024-03-16,166.7,27,1,2090,60,F,25.7
P026,2024-03-17,169.4,27,1,7940,60,F,25.7
P026,2024-03-18,141.9,27,0,6140,60,F,25.7
P026,2024-03-19,135.4,27,0,4160,60,F,25.7
P026,2024-03-20,143.1,27,0,5230,60,F,25.7
P026,2024-03-21,142.3,27,0,8650,60,F,25.7
P026,2024-03-22,135.9,27,0,8880,60,F,25.7
P026,2024-03-23,143.4,27,1,3390,60,F,25.7
P026,2024-03-24,156.7,27,1,4840,60,F,25.7
P026,2024-03-25,148.4,27,0,7580,60,F,25.7
P026,2024-03-26,129.9,27,0,5370,60,F,25.7
P026,2024-03-27,116.0,27,0,3890,60,F,25.7
P026,2024-03-28,131.9,27,0,4240,60,F,25.7
P026,2024-03-29,138.8,27,0,6010,60,F,25.7
P026,2024-03-30,146.5,27,1,3110,60,F,25.7
P026,2024-03-31,149.4,27,1,2170,60,F,25.7
P026,2024-04-01,161.5,27,0,5560,60,F,25.7
P026,2024-04-02,144.0,27,0,7650,60,F,25.7
P026,2024-04-03,127.8,27,0,7210,60,F,25.7
P026,2024-04-04,127.6,27,0,5580,60,F,25.7
P026,2024-04-05,138.3,27,0,9390,60,F,25.7
P026,2024-04-06,140.4,27,1,3080,60,F,25.7
P026,2024-04-07,152.3,27,1,4350,60,F,25.7
P026,2024-04-08,140.8,27,0,3540,60,F,25.7
P026,2024-04-09,139.5,27,0,7370,60,F,25.7
P026,2024-04-10,134.2,27,0,5760,60,F,25.7
P026,2024-04-11,137.3,27,0,2980,60,F,25.7
P026,2024-04-12,134.3,27,0,4500,60,F,25.7
P026,2024-04-13,148.7,27,1,7690,60,F,25.7
P027,2024-02-03,161.6,42,1,3200,73,F,26.5
P027,2024-02-04,164.3,42,1,4750,73,F,26.5
P027,2024-02-05,151.6,42,0,7600,73,F,26.5
P027,2024-02-06,142.0,42,0,3670,73,F,26.5
P027,2024-02-07,150.1,42,0,2570,73,F,26.5
P027,2024-02-08,152.6,42,0,3250,73,F,26.5
P027,2024-02-09,126.3,42,0,7390,73,F,26.5
P027,2024-02-10,152.2,40,1,5600,73,F,26.5
P027,2024-02-11,162.9,40,1,2860,73,F,26.5
P027,2024-02-12,161.4,40,0,5390,73,F,26.5
P027,2024-02-13,146.4,40,0,5780,73,F,26.5
P027,2024-02-14,152.0,40,0,6770,73,F,26.5
P027,2024-02-15,151.8,40,0,1750,73,F,26.5
P027,2024-02-16,141.6,40,0,4020,73,F,26.5
P027,2024-02-17,142.0,40,1,3030,73,F,26.5
P027,2024-02-18,152.2,40,1,4020,73,F,26.5
P027,2024-02-19,135.1,40,0,5110,73,F,26.5
P027,2024-02-20,136.9,40,0,4430,73,F,26.5
P027,2024-02-21,135.6,40,0,5470,73,F,26.5
P027,2024-02-22,148.1,40,0,570,73,F,26.5
P027,2024-02-23,140.3,40,0,10250,73,F,26.5
P027,2024-02-24,128.5,40,1,4890,73,F,26.5
P027,2024-02-25,138.4,40,1,5000,73,F,26.5
P027,2024-02-26,120.8,40,0,3850,73,F,26.5
P027,2024-02-27,127.3,40,0,5690,73,F,26.5
P027,2024-02-28,130.7,40,0,8510,73,F,26.5
P027,2024-02-29,119.6,40,0,8110,73,F,26.5
P027,2024-03-01,128.4,42,0,5110,73,F,26.5
P027,2024-03-02,162.3,42,1,1350,73,F,26.5
P027,2024-03-03,177.0,42,1,3760,73,F,26.5
P027,2024-03-04,169.9,42,0,4470,73,F,26.5
P027,2024-03-05,169.2,42,0,6450,73,F,26.5
P027,2024-03-06,157.1,42,0,2790,73,F,26.5
P027,2024-03-07,173.8,42,0,4660,73,F,26.5
P027,2024-03-08,167.6,42,0,5450,73,F,26.5
P027,2024-03-09,187.7,42,1,2680,73,F,26.5
P027,2024-03-10,182.0,42,1,5300,73,F,26.5
P027,2024-03-11,141.3,42,0,3030,73,F,26.5
P027,2024-03-12,140.0,42,0,2860,73,F,26.5
P027,2024-03-13,147.0,42,0,4390,73,F,26.5
P027,2024-03-14,150.5,42,0,6420,73,F,26.5
P027,2024-03-15,144.2,42,0,4470,73,F,26.5
P027,2024-03-16,167.5,44,1,2470,73,F,26.5
P027,2024-03-17,159.0,44,1,4880,73,F,26.5
P027,2024-03-18,135.7,44,0,5370,73,F,26.5
P027,2024-03-19,144.6,44,0,4080,73,F,26.5
P027,2024-03-20,145.5,44,0,5200,73,F,26.5
P027,2024-03-21,142.3,44,0,4580,73,F,26.5
P027,2024-03-22,152.7,44,0,6040,73,F,26.5
P027,2024-03-23,166.6,44,1,3740,73,F,26.5
P027,2024-03-24,158.2,44,1,2110,73,F,26.5
P027,2024-03-25,147.3,44,0,4170,73,F,26.5
P027,2024-03-26,128.5,44,0,4270,73,F,26.5
P027,2024-03-27,132.6,44,0,5630,73,F,26.5
P027,2024-03-28,135.8,44,0,5640,73,F,26.5
P027,2024-03-29,123.3,44,0,3560,73,F,26.5
P027,2024-03-30,159.7,44,1,3160,73,F,26.5
P027,2024-03-31,175.2,44,1,4020,73,F,26.5
P027,2024-04-01,157.2,44,0,6880,73,F,26.5
P027,2024-04-02,153.8,44,0,5420,73,F,26.5
P027,2024-04-03,163.0,44,0,8350,73,F,26.5
P027,2024-04-04,148.5,44,0,5030,73,F,26.5
P027,2024-04-05,159.7,44,0,6250,73,F,26.5
P027,2024-04-06,169.2,44,1,2930,73,F,26.5
P027,2024-04-07,160.1,44,1,1770,73,F,26.5
P027,2024-04-08,143.9,44,0,5170,73,F,26.5
P027,2024-04-09,137.1,44,0,5820,73,F,26.5
P027,2024-04-10,148.4,44,0,5550,73,F,26.5
P027,2024-04-11,148.9,44,0,5240,73,F,26.5
P027,2024-04-12,156.1,44,0,4410,73,F,26.5
P027,2024-04-13,164.1,44,1,2070,73,F,26.5
P027,2024-04-14,157.7,44,1,2970,73,F,26.5
P027,2024-04-15,160.6,44,0,5790,73,F,26.5
P027,2024-04-16,170.8,44,0,6630,73,F,26.5
P027,2024-04-17,160.1,44,0,500,73,F,26.5
P027,2024-04-18,162.1,44,0,6040,73,F,26.5
P027,2024-04-19,155.1,44,0,6850,73,F,26.5
P027,2024-04-20,151.9,44,1,5660,73,F,26.5
P027,2024-04-21,151.5,44,1,4150,73,F,26.5
P027,2024-04-22,129.2,44,0,6140,73,F,26.5
P027,2024-04-23,133.0,44,0,4220,73,F,26.5
P027,2024-04-24,139.7,44,0,4840,73,F,26.5
P027,2024-04-25,135.2,44,0,5890,73,F,26.5
P027,2024-04-26,129.3,44,0,3100,73,F,26.5
P027,2024-04-27,140.2,44,1,2120,73,F,26.5
P027,2024-04-28,142.6,44,1,3830,73,F,26.5
P027,2024-04-29,141.6,44,0,2690,73,F,26.5
P027,2024-04-30,142.0,44,0,5080,73,F,26.5
P027,2024-05-01,148.9,44,0,2430,73,F,26.5
P027,2024-05-02,145.3,44,0,5320,73,F,26.5
P027,2024-05-03,140.6,44,0,5030,73,F,26.5
P027,2024-05-04,153.4,44,1,2520,73,F,26.5
P027,2024-05-05,159.3,44,1,1860,73,F,26.5
P027,2024-05-06,155.3,44,0,4110,73,F,26.5
P027,2024-05-07,134.5,44,0,1120,73,F,26.5
P027,2024-05-08,152.4,44,0,4300,73,F,26.5
P027,2024-05-09,152.9,44,0,5190,73,F,26.5
P027,2024-05-10,149.9,44,0,7060,73,F,26.5
P027,2024-05-11,159.8,44,1,2610,73,F,26.5
P027,2024-05-12,166.0,44,1,3180,73,F,26.5
P027,2024-05-13,156.0,44,0,7380,73,F,26.5
P027,2024-05-14,145.4,44,0,7980,73,F,26.5
P027,2024-05-15,135.5,44,0,4140,73,F,26.5
P027,2024-05-16,145.3,44,0,6790,73,F,26.5
P027,2024-05-17,146.9,44,0,7020,73,F,26.5
P027,2024-05-18,159.7,44,1,4380,73,F,26.5
P027,2024-05-19,161.5,44,1,1780,73,F,26.5
P027,2024-05-20,151.6,44,0,3360,73,F,26.5
P027,2024-05-21,142.0,44,0,5980,73,F,26.5
P027,2024-05-22,133.0,44,0,9010,73,F,26.5
P027,2024-05-23,113.6,44,0,4680,73,F,26.5
P027,2024-05-24,127.2,44,0,7690,73,F,26.5
P027,2024-05-25,142.8,48,1,6760,73,F,26.5
P027,2024-05-26,141.5,48,1,1330,73,F,26.5
P027,2024-05-27,132.7,48,0,3950,73,F,26.5
P027,2024-05-28,138.2,48,0,7590,73,F,26.5
P027,2024-05-29,132.1,48,0,6670,73,F,26.5
P027,2024-05-30,134.8,48,0,5930,73,F,26.5
P027,2024-05-31,139.8,48,0,4970,73,F,26.5
P027,2024-06-01,160.1,48,1,4570,73,F,26.5
P027,2024-06-02,158.2,48,1,2400,73,F,26.5
P027,2024-06-03,141.3,48,0,9310,73,F,26.5
P027,2024-06-04,143.3,48,0,3000,73,F,26.5
P027,2024-06-05,152.7,48,0,1880,73,F,26.5
P027,2024-06-06,147.0,48,0,5240,73,F,26.5
P027,2024-06-07,142.9,48,0,7480,73,F,26.5
P027,2024-06-08,161.8,48,1,2640,73,F,26.5
P027,2024-06-09,157.1,48,1,3390,73,F,26.5
P027,2024-06-10,153.7,48,0,3220,73,F,26.5
P027,2024-06-11,150.1,48,0,4860,73,F,26.5
P027,2024-06-12,160.4,48,0,3230,73,F,26.5
P027,2024-06-13,161.3,48,0,3250,73,F,26.5
P027,2024-06-14,153.5,48,0,2440,73,F,26.5
P027,2024-06-15,174.5,48,1,2540,73,F,26.5
P027,2024-06-16,177.1,48,1,6700,73,F,26.5
P027,2024-06-17,143.7,48,0,4890,73,F,26.5
P027,2024-06-18,144.7,48,0,5320,73,F,26.5
P027,2024-06-19,133.9,50,0,8850,73,F,26.5
P027,2024-06-20,132.9,50,0,3890,73,F,26.5
P027,2024-06-21,128.5,50,0,3260,73,F,26.5
P027,2024-06-22,144.4,50,1,4390,73,F,26.5
P027,2024-06-23,127.5,50,1,1360,73,F,26.5
P027,2024-06-24,131.6,50,0,5560,73,F,26.5
P027,2024-06-25,109.0,50,0,6980,73,F,26.5
P027,2024-06-26,106.9,50,0,3120,73,F,26.5
P027,2024-06-27,125.4,50,0,4080,73,F,26.5
P027,2024-06-28,125.6,50,0,7920,73,F,26.5
P027,2024-06-29,132.9,50,1,1650,73,F,26.5
P027,2024-06-30,142.5,50,1,2310,73,F,26.5
P027,2024-07-01,129.6,50,0,5400,73,F,26.5
P027,2024-07-02,115.6,50,0,4440,73,F,26.5
P027,2024-07-03,129.0,50,0,3510,73,F,26.5
P027,2024-07-04,141.9,50,0,7750,73,F,26.5
P027,2024-07-05,140.0,50,0,3980,73,F,26.5
P027,2024-07-06,159.6,50,1,4060,73,F,26.5
P027,2024-07-07,168.0,50,1,2770,73,F,26.5
P027,2024-07-08,156.0,50,0,4590,73,F,26.5
P027,2024-07-09,155.8,50,0,2610,73,F,26.5
P027,2024-07-10,157.3,50,0,6590,73,F,26.5
P028,2024-02-05,124.8,46,0,6630,54,M,30.9
P028,2024-02-06,131.4,46,0,6640,54,M,30.9
P028,2024-02-07,149.6,46,0,4460,54,M,30.9
P028,2024-02-08,131.4,46,0,5620,54,M,30.9
P028,2024-02-09,141.5,46,0,5610,54,M,30.9
P028,2024-02-10,152.3,46,1,500,54,M,30.9
P028,2024-02-11,164.7,46,1,6180,54,M,30.9
P028,2024-02-12,136.7,46,0,6160,54,M,30.9
P028,2024-02-13,147.0,46,0,5810,54,M,30.9
P028,2024-02-14,148.7,46,0,5540,54,M,30.9
P028,2024-02-15,143.5,46,0,6220,54,M,30.9
P028,2024-02-16,134.3,46,0,6600,54,M,30.9
P028,2024-02-17,149.2,46,1,2390,54,M,30.9
P028,2024-02-18,170.5,46,1,4890,54,M,30.9
P028,2024-02-19,140.4,46,0,6370,54,M,30.9
P028,2024-02-20,143.0,46,0,6220,54,M,30.9
P028,2024-02-21,145.6,46,0,3570,54,M,30.9
P028,2024-02-22,133.7,46,0,5930,54,M,30.9
P028,2024-02-23,142.5,46,0,3930,54,M,30.9
P028,2024-02-24,159.5,46,1,5290,54,M,30.9
P028,2024-02-25,173.7,46,1,6980,54,M,30.9
P028,2024-02-26,162.6,46,0,7700,54,M,30.9
P028,2024-02-27,149.5,46,0,5580,54,M,30.9
P028,2024-02-28,147.6,46,0,5230,54,M,30.9
P028,2024-02-29,138.2,46,0,5180,54,M,30.9
P028,2024-03-01,129.6,46,0,6790,54,M,30.9
P028,2024-03-02,152.5,46,1,3510,54,M,30.9
P028,2024-03-03,158.6,46,1,3740,54,M,30.9
P028,2024-03-04,143.1,46,0,1780,54,M,30.9
P028,2024-03-05,148.6,46,0,4690,54,M,30.9
P028,2024-03-06,150.9,46,0,4800,54,M,30.9
P028,2024-03-07,157.9,46,0,5230,54,M,30.9
P028,2024-03-08,154.5,46,0,8300,54,M,30.9
P028,2024-03-09,159.6,46,1,2300,54,M,30.9
P028,2024-03-10,172.5,46,1,2350,54,M,30.9
P028,2024-03-11,174.4,46,0,7220,54,M,30.9
P028,2024-03-12,142.0,46,0,4450,54,M,30.9
P028,2024-03-13,141.0,46,0,5890,54,M,30.9
P028,2024-03-14,146.9,46,0,6480,54,M,30.9
P028,2024-03-15,148.2,46,0,6200,54,M,30.9
P028,2024-03-16,172.4,46,1,3310,54,M,30.9
P028,2024-03-17,184.2,46,1,6280,54,M,30.9
P028,2024-03-18,172.8,46,0,8790,54,M,30.9
P028,2024-03-19,150.6,46,0,4410,54,M,30.9
P028,2024-03-20,159.8,46,0,5700,54,M,30.9
P028,2024-03-21,150.3,46,0,7820,54,M,30.9
P028,2024-03-22,151.0,46,0,5810,54,M,30.9
P028,2024-03-23,165.4,46,1,2920,54,M,30.9
P028,2024-03-24,174.2,46,1,3920,54,M,30.9
P028,2024-03-25,147.1,46,0,7630,54,M,30.9
P028,2024-03-26,139.9,46,0,4430,54,M,30.9
P028,2024-03-27,141.1,46,0,6620,54,M,30.9
P028,2024-03-28,135.6,46,0,6840,54,M,30.9
P028,2024-03-29,133.1,46,0,5030,54,M,30.9
P028,2024-03-30,145.2,46,1,5660,54,M,30.9
P028,2024-03-31,157.8,46,1,5840,54,M,30.9
P028,2024-04-01,145.6,46,0,7920,54,M,30.9
P028,2024-04-02,149.4,46,0,7800,54,M,30.9
P028,2024-04-03,138.5,46,0,3560,54,M,30.9
P028,2024-04-04,133.3,46,0,7740,54,M,30.9
P028,2024-04-05,127.4,46,0,7190,54,M,30.9
P028,2024-04-06,148.2,46,1,6380,54,M,30.9
P028,2024-04-07,161.1,46,1,3180,54,M,30.9
P028,2024-04-08,162.6,46,0,7750,54,M,30.9
P028,2024-04-09,160.4,46,0,6820,54,M,30.9
P028,2024-04-10,169.1,46,0,4150,54,M,30.9
P028,2024-04-11,172.3,46,0,8400,54,M,30.9
P028,2024-04-12,157.6,46,0,4810,54,M,30.9
P028,2024-04-13,168.1,46,1,2900,54,M,30.9
P028,2024-04-14,176.6,46,1,5370,54,M,30.9
P028,2024-04-15,150.9,46,0,5120,54,M,30.9
P028,2024-04-16,144.6,46,0,6800,54,M,30.9
P028,2024-04-17,147.7,46,0,5740,54,M,30.9
P028,2024-04-18,150.4,46,0,6670,54,M,30.9
P028,2024-04-19,153.4,46,0,7600,54,M,30.9
P028,2024-04-20,155.6,46,1,4620,54,M,30.9
P028,2024-04-21,170.1,46,1,6190,54,M,30.9
P028,2024-04-22,151.3,46,0,7650,54,M,30.9
P028,2024-04-23,142.9,46,0,4710,54,M,30.9
P028,2024-04-24,140.7,46,0,7670,54,M,30.9
P028,2024-04-25,127.2,46,0,7250,54,M,30.9
P028,2024-04-26,121.2,46,0,6410,54,M,30.9
P028,2024-04-27,154.6,46,1,6630,54,M,30.9
P028,2024-04-28,142.7,46,1,7570,54,M,30.9
P028,2024-04-29,136.3,46,0,7500,54,M,30.9
P028,2024-04-30,135.5,46,0,3610,54,M,30.9
P028,2024-05-01,140.5,46,0,6950,54,M,30.9
P028,2024-05-02,133.4,46,0,5950,54,M,30.9
P028,2024-05-03,138.5,46,0,5710,54,M,30.9
P028,2024-05-04,163.2,46,1,5280,54,M,30.9
P028,2024-05-05,167.9,46,1,4110,54,M,30.9
P028,2024-05-06,154.6,46,0,9030,54,M,30.9
P028,2024-05-07,133.3,46,0,6660,54,M,30.9
P028,2024-05-08,128.3,46,0,6210,54,M,30.9
P028,2024-05-09,152.2,46,0,7550,54,M,30.9
P028,2024-05-10,141.0,46,0,7580,54,M,30.9
P028,2024-05-11,145.4,46,1,6750,54,M,30.9
P028,2024-05-12,162.4,46,1,5790,54,M,30.9
P028,2024-05-13,141.1,44,0,6120,54,M,30.9
P028,2024-05-14,150.9,44,0,6420,54,M,30.9
P028,2024-05-15,157.8,44,0,2420,54,M,30.9
P028,2024-05-16,164.5,44,0,3620,54,M,30.9
P028,2024-05-17,166.6,44,0,8000,54,M,30.9
P028,2024-05-18,155.6,44,1,4120,54,M,30.9
P028,2024-05-19,154.5,44,1,7850,54,M,30.9
P028,2024-05-20,135.3,44,0,9330,54,M,30.9
P028,2024-05-21,134.8,44,0,4000,54,M,30.9
P028,2024-05-22,146.0,44,0,6730,54,M,30.9
P028,2024-05-23,144.8,44,0,11220,54,M,30.9
P028,2024-05-24,128.7,44,0,4810,54,M,30.9
P028,2024-05-25,140.2,44,1,5380,54,M,30.9
P028,2024-05-26,149.7,44,1,4290,54,M,30.9
P028,2024-05-27,139.3,44,0,5770,54,M,30.9
P028,2024-05-28,145.5,44,0,5700,54,M,30.9
P028,2024-05-29,161.3,44,0,6160,54,M,30.9
P028,2024-05-30,154.4,44,0,7520,54,M,30.9
P028,2024-05-31,152.4,44,0,4790,54,M,30.9
P028,2024-06-01,161.0,44,1,5570,54,M,30.9
P028,2024-06-02,167.6,44,1,3460,54,M,30.9
P028,2024-06-03,158.7,44,0,7100,54,M,30.9
P028,2024-06-04,151.7,44,0,6740,54,M,30.9
P028,2024-06-05,158.2,44,0,4830,54,M,30.9
P028,2024-06-06,149.8,44,0,6430,54,M,30.9
P028,2024-06-07,152.9,44,0,4910,54,M,30.9
P028,2024-06-08,173.1,44,1,3210,54,M,30.9
P028,2024-06-09,187.4,44,1,6730,54,M,30.9
P028,2024-06-10,146.3,44,0,3010,54,M,30.9
P028,2024-06-11,150.8,48,0,7170,54,M,30.9
P028,2024-06-12,161.1,48,0,7420,54,M,30.9
P028,2024-06-13,151.2,48,0,5160,54,M,30.9
P029,2024-02-08,122.9,37,0,8310,27,M,23.8
P029,2024-02-09,109.9,37,0,7720,27,M,23.8
P029,2024-02-10,117.6,37,1,6150,27,M,23.8
P029,2024-02-11,120.1,37,1,5090,27,M,23.8
P029,2024-02-12,122.5,37,0,4420,27,M,23.8
P029,2024-02-13,121.6,37,0,8810,27,M,23.8
P029,2024-02-14,129.5,37,0,8790,27,M,23.8
P029,2024-02-15,99.5,37,0,6050,27,M,23.8
P029,2024-02-16,105.8,37,0,11210,27,M,23.8
P029,2024-02-17,111.9,37,1,4190,27,M,23.8
P029,2024-02-18,132.8,37,1,8070,27,M,23.8
P029,2024-02-19,123.4,37,0,8240,27,M,23.8
P029,2024-02-20,117.8,37,0,8350,27,M,23.8
P029,2024-02-21,107.3,37,0,9830,27,M,23.8
P029,2024-02-22,112.7,37,0,9440,27,M,23.8
P029,2024-02-23,123.7,37,0,7830,27,M,23.8
P029,2024-02-24,113.7,37,1,4390,27,M,23.8
P029,2024-02-25,129.0,37,1,4100,27,M,23.8
P029,2024-02-26,118.1,37,0,8130,27,M,23.8
P029,2024-02-27,102.3,37,0,10620,27,M,23.8
P029,2024-02-28,95.3,37,0,9360,27,M,23.8
P029,2024-02-29,102.7,37,0,7730,27,M,23.8
P029,2024-03-01,106.9,37,0,8380,27,M,23.8
P029,2024-03-02,118.0,37,1,7520,27,M,23.8
P029,2024-03-03,111.7,37,1,9370,27,M,23.8
P029,2024-03-04,101.0,37,0,6420,27,M,23.8
P029,2024-03-05,103.9,37,0,9090,27,M,23.8
P029,2024-03-06,103.2,37,0,8290,27,M,23.8
P029,2024-03-07,102.6,37,0,6420,27,M,23.8
P029,2024-03-08,111.8,37,0,5960,27,M,23.8
P029,2024-03-09,134.9,37,1,8560,27,M,23.8
P029,2024-03-10,130.8,37,1,6880,27,M,23.8
P029,2024-03-11,124.6,37,0,7410,27,M,23.8
P029,2024-03-12,110.2,37,0,7970,27,M,23.8
P029,2024-03-13,116.1,37,0,9550,27,M,23.8
P029,2024-03-14,115.9,37,0,7960,27,M,23.8
P029,2024-03-15,113.6,37,0,10670,27,M,23.8
P029,2024-03-16,122.5,37,1,5820,27,M,23.8
P029,2024-03-17,111.2,37,1,4880,27,M,23.8
P029,2024-03-18,109.3,37,0,7590,27,M,23.8
P029,2024-03-19,105.8,37,0,6100,27,M,23.8
P029,2024-03-20,94.7,37,0,7160,27,M,23.8
P029,2024-03-21,105.9,37,0,9990,27,M,23.8
P029,2024-03-22,98.6,37,0,10850,27,M,23.8
P029,2024-03-23,116.9,37,1,7420,27,M,23.8
P029,2024-03-24,122.7,37,1,6640,27,M,23.8
P029,2024-03-25,115.0,37,0,6160,27,M,23.8
P029,2024-03-26,115.3,37,0,5990,27,M,23.8
P029,2024-03-27,111.9,37,0,8450,27,M,23.8
P029,2024-03-28,110.8,37,0,8090,27,M,23.8
P029,2024-03-29,116.3,37,0,6750,27,M,23.8
P029,2024-03-30,111.0,37,1,5490,27,M,23.8
P029,2024-03-31,118.7,37,1,9090,27,M,23.8
P029,2024-04-01,95.8,37,0,9570,27,M,23.8
P029,2024-04-02,89.9,37,0,7890,27,M,23.8
P029,2024-04-03,110.0,37,0,8200,27,M,23.8
P029,2024-04-04,117.0,37,0,10080,27,M,23.8
P029,2024-04-05,102.2,37,0,8440,27,M,23.8
P029,2024-04-06,112.6,37,1,6720,27,M,23.8
P029,2024-04-07,127.9,37,1,3460,27,M,23.8
P029,2024-04-08,116.4,37,0,4760,27,M,23.8
P029,2024-04-09,114.2,37,0,4360,27,M,23.8
P029,2024-04-10,102.5,37,0,3740,27,M,23.8
P029,2024-04-11,111.2,37,0,7760,27,M,23.8
P029,2024-04-12,118.0,37,0,8380,27,M,23.8
P029,2024-04-13,127.1,37,1,4720,27,M,23.8
P029,2024-04-14,135.0,37,1,7080,27,M,23.8
P029,2024-04-15,131.5,37,0,8580,27,M,23.8
P029,2024-04-16,130.6,37,0,7650,27,M,23.8
P029,2024-04-17,137.8,37,0,5140,27,M,23.8
P029,2024-04-18,139.4,37,0,10380,27,M,23.8
P029,2024-04-19,131.1,37,0,10260,27,M,23.8
P029,2024-04-20,123.3,37,1,5250,27,M,23.8
P029,2024-04-21,126.4,37,1,9780,27,M,23.8
P029,2024-04-22,92.1,37,0,7870,27,M,23.8
P029,2024-04-23,119.7,37,0,6380,27,M,23.8
P029,2024-04-24,120.2,37,0,7050,27,M,23.8
P029,2024-04-25,114.6,37,0,4450,27,M,23.8
P029,2024-04-26,111.9,37,0,7160,27,M,23.8
P029,2024-04-27,113.4,37,1,3410,27,M,23.8
P029,2024-04-28,102.2,37,1,8330,27,M,23.8
P029,2024-04-29,107.4,37,0,8360,27,M,23.8
P029,2024-04-30,106.3,37,0,5290,27,M,23.8
P029,2024-05-01,113.0,37,0,8820,27,M,23.8
P029,2024-05-02,94.8,37,0,4700,27,M,23.8
P029,2024-05-03,107.4,37,0,8070,27,M,23.8
P029,2024-05-04,121.1,37,1,7150,27,M,23.8
P029,2024-05-05,123.6,37,1,6410,27,M,23.8
P029,2024-05-06,117.5,37,0,5770,27,M,23.8
P029,2024-05-07,111.4,37,0,7590,27,M,23.8
P029,2024-05-08,113.1,37,0,7460,27,M,23.8
P029,2024-05-09,121.5,37,0,7900,27,M,23.8
P029,2024-05-10,123.3,37,0,10460,27,M,23.8
P029,2024-05-11,132.6,37,1,9330,27,M,23.8
P029,2024-05-12,131.5,37,1,9130,27,M,23.8
P029,2024-05-13,108.9,37,0,6650,27,M,23.8
P029,2024-05-14,120.9,37,0,6440,27,M,23.8
P029,2024-05-15,117.9,37,0,7830,27,M,23.8
P029,2024-05-16,108.5,37,0,8570,27,M,23.8
P029,2024-05-17,116.6,37,0,4080,27,M,23.8
P029,2024-05-18,126.0,37,1,5180,27,M,23.8
P029,2024-05-19,123.7,37,1,9510,27,M,23.8
P029,2024-05-20,111.2,37,0,5550,27,M,23.8
P029,2024-05-21,126.2,37,0,6460,27,M,23.8
P029,2024-05-22,117.6,37,0,6510,27,M,23.8
P029,2024-05-23,116.5,37,0,8660,27,M,23.8
P029,2024-05-24,115.0,37,0,7670,27,M,23.8
P029,2024-05-25,127.4,37,1,5700,27,M,23.8
P029,2024-05-26,123.2,37,1,3550,27,M,23.8
P029,2024-05-27,118.1,37,0,8880,27,M,23.8
P029,2024-05-28,107.9,37,0,7790,27,M,23.8
P029,2024-05-29,109.8,37,0,6590,27,M,23.8
P029,2024-05-30,120.1,37,0,7830,27,M,23.8
P029,2024-05-31,111.7,41,0,9200,27,M,23.8
P029,2024-06-01,116.1,41,1,3630,27,M,23.8
P029,2024-06-02,128.4,41,1,3490,27,M,23.8
P029,2024-06-03,130.0,41,0,5940,27,M,23.8
P029,2024-06-04,113.4,41,0,6210,27,M,23.8
P029,2024-06-05,109.9,41,0,2290,27,M,23.8
P029,2024-06-06,112.1,41,0,6700,27,M,23.8
P029,2024-06-07,109.6,41,0,9790,27,M,23.8
P029,2024-06-08,108.7,41,1,5690,27,M,23.8
P029,2024-06-09,125.7,41,1,8110,27,M,23.8
P029,2024-06-10,115.0,41,0,2600,27,M,23.8
P029,2024-06-11,118.8,41,0,7580,27,M,23.8
P029,2024-06-12,104.1,41,0,10280,27,M,23.8
P029,2024-06-13,90.8,41,0,10610,27,M,23.8
P029,2024-06-14,97.6,41,0,6880,27,M,23.8
P029,2024-06-15,114.1,41,1,4790,27,M,23.8
P029,2024-06-16,119.0,41,1,6970,27,M,23.8
P029,2024-06-17,102.5,41,0,5590,27,M,23.8
P029,2024-06-18,103.8,41,0,7120,27,M,23.8
P029,2024-06-19,111.7,41,0,4770,27,M,23.8
P029,2024-06-20,128.6,41,0,7930,27,M,23.8
P029,2024-06-21,99.3,41,0,7790,27,M,23.8
P029,2024-06-22,110.0,41,1,9220,27,M,23.8
P029,2024-06-23,113.0,41,1,6930,27,M,23.8
P029,2024-06-24,96.3,41,0,6590,27,M,23.8
P029,2024-06-25,96.5,41,0,7610,27,M,23.8
P029,2024-06-26,99.8,41,0,5460,27,M,23.8
P029,2024-06-27,116.7,41,0,7840,27,M,23.8
P029,2024-06-28,117.7,41,0,7390,27,M,23.8
P029,2024-06-29,124.3,41,1,7040,27,M,23.8
P029,2024-06-30,123.6,41,1,7960,27,M,23.8
P029,2024-07-01,103.1,41,0,4170,27,M,23.8
P029,2024-07-02,109.8,41,0,8370,27,M,23.8
P029,2024-07-03,91.0,43,0,9110,27,M,23.8
P029,2024-07-04,80.2,43,0,5620,27,M,23.8
P029,2024-07-05,93.3,43,0,11210,27,M,23.8
P029,2024-07-06,111.0,43,1,4980,27,M,23.8
P029,2024-07-07,131.1,43,1,10720,27,M,23.8
P029,2024-07-08,89.6,43,0,9190,27,M,23.8
P029,2024-07-09,96.8,43,0,9530,27,M,23.8
P029,2024-07-10,95.4,43,0,8270,27,M,23.8
P029,2024-07-11,105.1,43,0,9600,27,M,23.8
P030,2024-01-01,105.0,45,0,10200,23,F,21.6
P030,2024-01-02,98.7,45,0,10720,23,F,21.6
P030,2024-01-03,99.0,45,0,7780,23,F,21.6
P030,2024-01-04,121.8,45,0,8240,23,F,21.6
P030,2024-01-05,118.6,45,0,9050,23,F,21.6
P030,2024-01-06,133.6,45,1,7980,23,F,21.6
P030,2024-01-07,125.7,45,1,3250,23,F,21.6
P030,2024-01-08,115.1,45,0,8650,23,F,21.6
P030,2024-01-09,95.7,45,0,6230,23,F,21.6
P030,2024-01-10,102.0,45,0,7890,23,F,21.6
P030,2024-01-11,95.2,45,0,6830,23,F,21.6
P030,2024-01-12,108.2,45,0,11060,23,F,21.6
P030,2024-01-13,117.1,45,1,7480,23,F,21.6
P030,2024-01-14,119.8,45,1,6470,23,F,21.6
P030,2024-01-15,101.4,45,0,10510,23,F,21.6
P030,2024-01-16,70.4,45,0,7890,23,F,21.6
P030,2024-01-17,79.7,45,0,6720,23,F,21.6
P030,2024-01-18,91.1,45,0,7690,23,F,21.6
P030,2024-01-19,97.2,45,0,7370,23,F,21.6
P030,2024-01-20,86.8,45,1,6600,23,F,21.6
P030,2024-01-21,78.5,45,1,8020,23,F,21.6
P030,2024-01-22,76.0,45,0,7810,23,F,21.6
P030,2024-01-23,75.6,45,0,7900,23,F,21.6
P030,2024-01-24,81.6,45,0,9830,23,F,21.6
P030,2024-01-25,79.6,45,0,8530,23,F,21.6
P030,2024-01-26,92.0,45,0,9710,23,F,21.6
P030,2024-01-27,90.5,45,1,6760,23,F,21.6
P030,2024-01-28,99.1,45,1,4190,23,F,21.6
P030,2024-01-29,104.3,45,0,6020,23,F,21.6
P030,2024-01-30,103.7,45,0,5060,23,F,21.6
P030,2024-01-31,99.7,45,0,10050,23,F,21.6
P030,2024-02-01,96.7,45,0,8760,23,F,21.6
P030,2024-02-02,102.6,45,0,7170,23,F,21.6
P030,2024-02-03,112.7,45,1,4750,23,F,21.6
P030,2024-02-04,126.1,45,1,7160,23,F,21.6
P030,2024-02-05,112.4,45,0,7780,23,F,21.6
P030,2024-02-06,107.9,45,0,8590,23,F,21.6
P030,2024-02-07,112.8,45,0,6510,23,F,21.6
P030,2024-02-08,104.0,45,0,6040,23,F,21.6
P030,2024-02-09,112.3,45,0,10820,23,F,21.6
P030,2024-02-10,113.2,45,1,4820,23,F,21.6
P030,2024-02-11,116.9,45,1,6480,23,F,21.6
P030,2024-02-12,96.9,45,0,10410,23,F,21.6
P030,2024-02-13,100.9,45,0,4750,23,F,21.6
P030,2024-02-14,105.3,45,0,9270,23,F,21.6
P030,2024-02-15,93.3,45,0,8140,23,F,21.6
P030,2024-02-16,90.9,45,0,7760,23,F,21.6
P030,2024-02-17,101.4,45,1,7000,23,F,21.6
P030,2024-02-18,114.0,45,1,4400,23,F,21.6
P030,2024-02-19,121.5,45,0,4050,23,F,21.6
P030,2024-02-20,124.9,45,0,11390,23,F,21.6
P030,2024-02-21,105.2,45,0,7510,23,F,21.6
P030,2024-02-22,111.9,45,0,9610,23,F,21.6
P030,2024-02-23,98.6,45,0,9990,23,F,21.6
P030,2024-02-24,105.3,45,1,7030,23,F,21.6
P030,2024-02-25,102.3,45,1,7330,23,F,21.6
P030,2024-02-26,103.3,45,0,9290,23,F,21.6
P030,2024-02-27,95.2,45,0,10830,23,F,21.6
P030,2024-02-28,87.0,45,0,8900,23,F,21.6
P030,2024-02-29,88.8,45,0,10270,23,F,21.6
P030,2024-03-01,91.9,45,0,7500,23,F,21.6
P030,2024-03-02,109.5,45,1,5770,23,F,21.6
P030,2024-03-03,116.6,45,1,6670,23,F,21.6
P030,2024-03-04,104.5,45,0,8730,23,F,21.6
P030,2024-03-05,112.1,45,0,8980,23,F,21.6
P030,2024-03-06,98.4,45,0,11490,23,F,21.6
P030,2024-03-07,97.7,45,0,9520,23,F,21.6
P030,2024-03-08,96.3,45,0,8140,23,F,21.6
P030,2024-03-09,111.9,45,1,10060,23,F,21.6
P030,2024-03-10,123.3,45,1,7110,23,F,21.6
P030,2024-03-11,116.2,45,0,8660,23,F,21.6
P030,2024-03-12,105.3,45,0,8900,23,F,21.6
P030,2024-03-13,106.7,45,0,7430,23,F,21.6
P030,2024-03-14,106.3,45,0,6080,23,F,21.6
P030,2024-03-15,115.5,45,0,8260,23,F,21.6
P030,2024-03-16,115.9,45,1,5970,23,F,21.6
P030,2024-03-17,122.3,45,1,4980,23,F,21.6
P030,2024-03-18,105.5,45,0,8240,23,F,21.6
P030,2024-03-19,97.5,45,0,7670,23,F,21.6
P030,2024-03-20,96.2,45,0,6970,23,F,21.6
P030,2024-03-21,92.3,45,0,4860,23,F,21.6
P030,2024-03-22,99.1,45,0,7720,23,F,21.6
P030,2024-03-23,115.8,45,1,9650,23,F,21.6
P030,2024-03-24,104.6,45,1,8110,23,F,21.6
P030,2024-03-25,91.2,45,0,9950,23,F,21.6
P030,2024-03-26,92.4,45,0,7990,23,F,21.6
P030,2024-03-27,88.4,47,0,9900,23,F,21.6
P030,2024-03-28,94.5,47,0,6830,23,F,21.6
P030,2024-03-29,105.7,47,0,7210,23,F,21.6
P030,2024-03-30,100.9,45,1,7450,23,F,21.6
P030,2024-03-31,101.7,45,1,3990,23,F,21.6
P030,2024-04-01,92.4,45,0,8130,23,F,21.6
P030,2024-04-02,98.3,45,0,8560,23,F,21.6
P030,2024-04-03,107.1,45,0,11030,23,F,21.6
P030,2024-04-04,91.3,45,0,6780,23,F,21.6
P030,2024-04-05,97.5,45,0,8770,23,F,21.6
P030,2024-04-06,111.0,45,1,5360,23,F,21.6
P030,2024-04-07,117.5,45,1,5550,23,F,21.6
P030,2024-04-08,111.5,45,0,3220,23,F,21.6
P030,2024-04-09,123.0,45,0,6350,23,F,21.6
P030,2024-04-10,117.4,45,0,10070,23,F,21.6
P030,2024-04-11,114.0,45,0,8950,23,F,21.6
P030,2024-04-12,117.1,45,0,8310,23,F,21.6
P030,2024-04-13,124.4,45,1,10910,23,F,21.6
P030,2024-04-14,111.2,45,1,7490,23,F,21.6
